NR-AR,NR-AR-LBD,NR-AhR,NR-Aromatase,NR-ER,NR-ER-LBD,NR-PPAR-gamma,SR-ARE,SR-ATAD5,SR-HSE,SR-MMP,SR-p53,mol_id,smiles
0,0,0,0,0,0,0,0,0,0,0,0,TOX81,CCC1(CCC(C)C)C(=O)NC(=O)NC1=O
0,0,0,0,0,0,0,0,0,0,,0,TOX9275,CC[C@@H](N)CO
0,0,0,0,0,0,0,0,0,0,0,0,TOX88,OC[C@@H](O)[C@H]1O[C@@H]2O[C@H](C(Cl)(Cl)Cl)O[C@@H]2[C@H]1O
0,0,0,0,1,0,0,,0,,0,0,TOX28950,CC=C(CC)C(=O)NC(N)=O
,,,,,,,0,,0,,,TOX31435,C[C@H]1C[C@H](O)c2ccsc2S1(=O)=O
1,0,1,,1,0,0,1,0,0,0,0,TOX1144,NNCCc1ccccc1
0,0,0,0,0,0,0,0,0,0,,0,TOX1145,c1ccc(OCC2CO2)cc1
0,0,1,0,0,0,,1,0,0,1,0,TOX1148,NNc1ccccc1
0,0,0,0,0,0,0,0,0,0,0,0,TOX1142,CNC[C@H](O)c1cccc(O)c1
0,0,0,0,1,0,0,0,0,0,0,0,TOX1415,CC(O)CN(CC(C)O)CC(C)O
0,,1,0,0,0,0,0,0,0,0,0,TOX1418,NC(Cc1c[nH]c2ccccc12)C(=O)O
0,0,1,0,0,0,0,0,0,0,0,0,TOX1419,N[C@@H](Cc1c[nH]c2ccccc12)C(=O)O
0,0,0,,0,,1,1,0,0,0,0,TOX2143,C=CC(=O)OCC(C)O
0,0,0,,1,0,0,,0,0,0,0,TOX13595,COC1=CC(=O)O[C@@H](/C=C/c2ccccc2)C1
0,0,0,0,0,0,0,0,0,0,0,0,TOX24751,Nc1cc(S(=O)(=O)O)ccc1S(=O)(=O)O
0,0,,0,0,0,0,0,0,0,0,0,TOX24750,COc1ccc(N)c([N+](=O)[O-])c1
0,0,0,0,0,0,0,0,0,0,,0,TOX24753,CC(C)=CCCC(C)C=O
1,0,,,,0,0,0,1,0,,0,TOX3369,CN1C(=O)CN=C(c2ccccc2)c2cc([N+](=O)[O-])ccc21
0,0,0,0,0,0,0,0,0,0,0,0,TOX24755,C=CCOC(=O)CCC1CCCCC1
0,0,0,0,0,0,0,0,0,0,0,0,TOX3819,Cc1cn([C@H]2C=C[C@@H](CO)O2)c(=O)[nH]c1=O
0,0,0,0,0,0,0,0,0,0,0,0,TOX24757,CC(C)CCOC(=O)CC(C)C
0,0,0,0,0,0,0,0,0,0,0,0,TOX24756,CC1=CC[C@H](CC=O)C1(C)C
0,0,,0,0,0,0,0,0,0,0,0,TOX3362,O=C(CCNNC(=O)c1ccncc1)NCc1ccccc1
0,0,,,,0,,,,1,1,0,TOX3363,COC(=O)C1=C(C)NC(C)=C(C(=O)OCCN(C)Cc2ccccc2)C1c1cccc([N+](=O)[O-])c1
0,0,0,1,1,0,,,0,0,1,,TOX3817,C(=NC1CCCCC1)=NC1CCCCC1
0,,0,,,0,0,1,,,1,,TOX3810,CC(C)(C)CC(C)(C)c1ccc(OCCOCC[N+](C)(C)Cc2ccccc2)cc1
0,0,0,0,0,0,0,0,0,0,0,0,TOX3367,OCc1cccnc1
0,0,0,0,0,0,0,0,0,0,0,0,TOX3364,O=C(OCC(COC(=O)c1cccnc1)(COC(=O)c1cccnc1)COC(=O)c1cccnc1)c1cccnc1
0,1,0,1,0,,1,,0,,,1,TOX23909,CCOC(=O)C1=C(COCCN)NC(C)=C(C(=O)OC)C1c1ccccc1Cl.O=S(=O)(O)c1ccccc1
0,0,,0,0,0,0,0,0,0,0,0,TOX23908,CC(C=O)Cc1ccc2c(c1)OCO2
0,0,0,,1,0,0,0,0,0,,0,TOX23902,CCCCN(CCCC)C(=O)N(CCCC)CCCC
0,0,0,0,0,0,0,0,0,0,0,0,TOX18824,OC1OCCOC1O
0,0,0,0,1,0,0,0,0,0,0,0,TOX18822,CC(C)(COC(=O)c1ccccc1)COC(=O)c1ccccc1
,,,,,,,1,,0,,,TOX31444,C[C@H](N)C(=O)N[C@@H](C)C(=O)N[C@@]1(C)[C@@H]2CN(c3nc4c(cc3F)c(=O)c(C(=O)O)cn4-c3ccc(F)cc3F)C[C@@H]21
0,0,0,,,0,0,,0,,1,,TOX373,Clc1ccc(C(c2ccc(Cl)cc2)C(Cl)Cl)cc1
0,0,0,0,1,1,0,0,0,0,1,,TOX372,Clc1ccc(C(c2ccccc2Cl)C(Cl)Cl)cc1
0,0,0,0,0,0,0,0,0,0,0,0,TOX371,Nc1ccc(S(=O)(=O)c2ccc(N)cc2)cc1
0,0,0,0,1,0,0,0,0,0,0,0,TOX370,CN(C)NC(=O)CCC(=O)O
0,0,0,0,1,1,0,0,0,0,1,,TOX375,Clc1ccc(C(c2ccc(Cl)cc2)C(Cl)(Cl)Cl)cc1
0,0,0,0,,0,0,1,0,0,1,,TOX374,ClC(Cl)=C(c1ccc(Cl)cc1)c1ccc(Cl)cc1
0,0,0,,1,1,0,,0,0,0,0,TOX379,C[C@]12CC[C@H]3[C@@H](CC=C4C[C@@H](O)CC[C@@]43C)[C@@H]1CCC2=O
1,0,,,1,0,0,,,0,0,0,TOX378,CC(=O)OCC(=O)[C@@]12N=C(C)O[C@@H]1C[C@H]1[C@@H]3CCC4=CC(=O)C=C[C@]4(C)[C@H]3[C@@H](O)C[C@@]12C
0,0,0,0,0,0,0,0,0,0,0,0,TOX21220,O=C1NC(=O)[C@@H]2CC=CC[C@H]12
0,0,0,,0,0,0,0,0,0,0,0,TOX21224,OCCCCC(O)CO
0,0,0,0,1,0,0,0,0,0,0,0,TOX4506,Nc1ccc(O)c(C(=O)O)c1
0,0,0,0,0,0,0,0,0,0,0,0,TOX16226,CCCCCCCCOS(=O)(=O)[O-]
0,0,0,0,0,0,0,,0,,,0,TOX21045,CN[C@H]1C[C@@H](N)[C@H](O)[C@@H](O[C@@H]2O[C@H](CO)[C@H](O)[C@@H]3OC4(O[C@H]23)O[C@H](C(N)CO)[C@H](O)[C@H](O)[C@H]4O)[C@@H]1O
0,0,0,0,0,0,0,,0,0,0,0,TOX16229,CCCCCCCCCCOS(=O)(=O)[O-]
0,0,0,0,0,0,0,0,0,0,,0,TOX26623,Cc1cccn2c(=O)c(-c3nnn[n-]3)cnc12
0,0,0,,,0,0,,0,0,0,0,TOX26190,Nc1ncnc(Nc2ccccc2)n1
0,0,0,0,0,0,,,0,,0,0,TOX26621,CCC(=O)OC(OP(=O)(CCCCc1ccccc1)CC(=O)N1C[C@H](C2CCCCC2)C[C@H]1C(=O)[O-])C(C)C
1,1,0,,1,1,,,0,,,0,TOX26192,C[C@]12CC[C@H]3[C@@H](CCC4=C(Cl)C(=O)CC[C@@]43C)[C@@H]1CC[C@@H]2O
0,0,0,0,0,0,0,0,0,0,0,0,TOX26195,COc1cc(C(=S)N2CCOCC2)cc(OC)c1OC
1,1,0,0,1,1,0,,0,,0,0,TOX26626,CC(=O)O[C@H]1CC[C@H]2[C@@H]3CCC4=CC(=O)CCC4=C3C=C[C@]12C
0,0,0,0,0,0,0,,0,,1,0,TOX26197,CCOc1ccc(NC(=S)Nc2ccc(OCC)cc2)cc1
0,0,0,,0,0,,,0,,,0,TOX26624,COC(=O)C1=C(C#N)NC(C)=C(C(=O)OC(C)C)C1c1cccc([N+](=O)[O-])c1
,0,0,0,0,0,0,,0,,0,0,TOX26199,O=C1CC[C@@H](C(=O)N2CSC[C@H]2C(=O)O)N1
1,1,0,,1,1,0,,0,,0,0,TOX26198,CCCCCCCCCC(=O)O[C@H]1CC[C@H]2[C@@H]3CCC4=CC(=O)CC[C@]4(C)[C@H]3CC[C@]12C
1,1,0,0,0,0,0,,0,0,1,0,TOX26628,CCOc1ccccc1OCCN[C@H](C)Cc1ccc(OC)c(S(N)(=O)=O)c1
0,0,0,0,0,0,0,0,0,0,0,0,TOX26999,COc1cccc(OC)c1C(=O)O
0,0,0,0,0,0,0,0,0,0,,0,TOX26998,CCCCP(CCCC)CCCC
0,0,0,,,,,,,0,1,,TOX27351,COc1ccc2cc(S(=O)(=O)N[C@H](CC(=O)N[C@H](Cc3ccc(CN4[C@@H](C)CCC[C@H]4C)cc3)C(=O)N(C)C(C)C)c3ccc4c(c3)OCO4)ccc2c1
0,0,0,0,0,0,0,,0,,0,0,TOX26991,CO/N=C(/C(=O)N[C@@H]1C(=O)N2C(C(=O)[O-])=C(COC(C)=O)CS[C@H]12)c1csc(N)n1
0,0,0,0,0,0,0,0,0,0,0,0,TOX26994,CCOC(=N)CC(=O)OCC
0,0,0,0,0,0,0,,0,,0,0,TOX26446,C=C1[C@@H](n2cnc3c(=O)[nH]c(N)nc32)C[C@H](O)[C@H]1CO
0,,,,,0,,0,0,0,,1,TOX26445,C[C@@H]1CC(=O)NN=C1c1ccc(NN=C(C#N)C#N)cc1
0,0,1,,1,0,0,,1,,0,0,TOX26444,Nc1nc(NC2CC2)c2ncn([C@@H]3C=C[C@@H](CO)C3)c2n1
0,0,,,,0,,,,,,,TOX26443,CNCC[C@H](Oc1cccc2ccccc12)c1cccs1
0,0,0,0,0,0,0,0,0,0,0,0,TOX26442,C#CCOC(C(=O)OCCN(C)C)(c1ccccc1)c1ccccc1
,,,,,,,0,,0,,,TOX26440,N[C@@H](CSCCCO)C(=O)O
0,,0,0,0,0,0,1,0,,0,0,TOX22281,O=C(O)C(=O)Cc1ccccc1
0,0,1,0,,0,0,0,0,0,,0,TOX22280,CCOC(=O)C(SP(=S)(OC)OC)c1ccccc1
0,0,0,0,0,0,0,0,0,0,0,0,TOX22285,CCOP(=O)(N=C1SCCS1)OCC
0,0,,,0,0,0,1,0,0,,0,TOX26449,O=C1[C@H]2CCCC[C@H]2C(=O)N1CCCCN1CCN(c2nsc3ccccc23)CC1
0,,0,1,0,,0,,0,,,0,TOX26448,O=C([O-])C[C@H](O)CC(O)/C=C/c1c(C2CC2)nc2ccccc2c1-c1ccc(F)cc1.O=C([O-])C[C@H](O)C[C@H](O)/C=C/c1c(C2CC2)nc2ccccc2c1-c1ccc(F)cc1
0,0,0,0,0,0,0,0,0,0,0,0,TOX27356,CC(=O)S[C@H](C(=O)N[C@H]1Cc2ccccc2[C@H]2CCC[C@@H](C(=O)O)N2C1=O)C(C)C
0,,0,1,1,0,,1,0,0,1,,TOX27357,CCc1c(C(=O)NN2CCCCC2)nn(-c2ccc(Cl)cc2Cl)c1-c1ccc(Br)cc1
,0,0,,,0,0,0,0,0,,0,TOX4639,Brc1cccc(-c2ccccc2)c1
0,0,0,0,0,0,0,0,0,0,0,0,TOX4638,Brc1ccccc1-c1ccccc1
,,,,,,,0,,0,,,TOX31450,CCCC(=O)OCOC(=O)C1=C(C)NC(C)=C(C(=O)OC)C1c1cccc(Cl)c1Cl
,,,,,,,0,,0,,,TOX31452,Cc1onc(-c2ccccc2)c1C(=O)Cl
,,,,,,,0,,,,,TOX31453,COc1cc(OC)nc(O[C@H](C(=O)O)C(OC)(c2ccccc2)c2ccccc2)n1
,,,,,,,0,,0,,,TOX31454,CC(Cc1ccccc1)NCCCCl
,,,,,,,,,0,,,TOX31455,COC[C@@H](NC(C)=O)C(=O)NCc1ccccc1
0,0,0,0,0,0,0,0,0,0,0,0,TOX4637,Brc1ccccc1
,,,,,,,0,,0,,,TOX31457,CNC(=O)c1c(I)c(NC(C)=O)c(I)c(C(=O)[O-])c1I
0,,0,,,,0,,,,,1,TOX20668,OCCN(CCO)c1nc(N2CCCCC2)c2nc(N(CCO)CCO)nc(N3CCCCC3)c2n1
0,0,0,0,0,0,0,0,0,0,0,0,TOX20661,CC(C)(Oc1ccc(Cl)cc1)C(=O)O
0,0,0,,,0,0,,,,1,1,TOX20662,Cc1cc(C(C#N)c2ccc(Cl)cc2)c(Cl)cc1NC(=O)c1cc(I)cc(I)c1O
0,0,0,0,0,0,0,0,0,0,0,0,TOX20664,CC=CC(=O)N(CC)c1ccccc1C
0,0,,0,0,0,0,,0,,0,0,TOX20666,Cc1c(O)c(=O)ccn1C
0,,0,,,0,0,,1,0,,,TOX28485,COc1cc(C(=O)NC2CCN(C)CC2)ccc1Nc1ncc2c(n1)N(C1CCCC1)CC(F)(F)C(=O)N2C
0,,0,0,0,0,,,0,0,,0,TOX28484,O=C(O)c1cccc(N(Cc2cccnc2)c2ccc(OC(F)F)c(OC(F)F)c2)c1
0,0,0,,,,,1,,,,,TOX28487,Cc1cc(F)ccc1-c1cc(N2CC[C@@H](O)[C@H]2CO)ncc1N(C)C(=O)C(C)(C)c1cc(C(F)(F)F)cc(C(F)(F)F)c1
0,0,0,,,,,,0,1,,,TOX28486,O=C(CCCCCCCCc1cccnc1)N1CCC(C=C(c2ccccc2)c2ccccc2)CC1
0,0,0,0,,0,,1,0,0,,0,TOX28481,Cn1c(=O)cc(Oc2ccc(F)cc2F)c2cnc(NCC(C)(C)O)nc21
0,0,0,,,0,,1,0,0,,0,TOX28480,CS(=O)(=O)c1ccc([C@@H](CC2CCCC2)C(=O)Nc2cnccn2)cc1Cl
0,0,0,,1,0,0,,0,0,0,,TOX28483,CCCN(C1CCN(C(=O)C2CCNCC2)CC1)[C@@H]1CCc2ccc(OC)cc2C1
0,0,0,0,,0,0,0,0,0,0,0,TOX27710,CC(C)CC(O)Cc1ccccc1
0,0,0,0,0,0,0,0,0,0,0,0,TOX27712,CC1(C)SC(C)(C)SC(C)(C)S1
0,0,0,0,,0,0,0,0,0,1,0,TOX27714,CC(=O)OC(c1ccccc1)C(Cl)(Cl)Cl
0,0,,0,0,0,0,0,0,0,,0,TOX27715,C/C=C\c1ccc(OCC)c(O)c1
0,,0,1,0,,,,,,1,,TOX20599,CO[C@H]1C[C@@H]2CC[C@@H](C)[C@@](O)(O2)C(=O)C(=O)N2CCCC[C@H]2C(=O)O[C@H]([C@H](C)C[C@@H]2CC[C@@H](OCCO)[C@H](OC)C2)CC(=O)[C@H](C)C=C(C)[C@@H](O)[C@@H](OC)C(=O)[C@H](C)C[C@H](C)C=CC=CC=C1C
0,0,0,0,0,0,0,0,0,0,0,0,TOX28661,O=C(O)CSCC(=O)NC1CCSC1=O
0,0,0,0,0,0,0,,0,,0,0,TOX28660,CCCCCCCCCCCCCCCC(=O)O[C@@H]1[C@@H](O)[C@@H](O)[C@@H]([C@H](NC(=O)[C@@H]2C[C@@H](CCC)CN2C)[C@H](C)Cl)O[C@@H]1SC
0,0,1,,0,0,0,,0,0,0,0,TOX28663,CC(C)=CCOc1c2occc2cc2ccc(=O)oc12
0,0,0,0,0,0,0,,0,,,0,TOX28662,CCOC(=O)COc1ccc2c(=O)cc(-c3ccccc3)oc2c1
,,,,,,,0,,0,,,TOX28665,NC[C@H]1O[C@H](O[C@@H]2[C@@H](N)C[C@@H](N)[C@H](O[C@H]3O[C@H](CO)[C@@H](O)[C@H](N)[C@H]3O)[C@H]2O)[C@H](N)[C@@H](O)[C@@H]1O
0,0,0,0,1,1,0,,0,,0,0,TOX28664,N=C(N)NCCCCNC(=N)N
0,0,0,0,,0,0,,0,,0,0,TOX28667,CCN(CC)N(O)N=O.CCNCC
0,0,0,0,0,0,0,0,0,0,0,0,TOX28666,O=C(O)[C@@H](O)[C@H](O)[C@H](O)[C@@H](O)C(=O)O
0,,1,0,0,,,,1,,1,1,TOX28668,COc1cc([C@@H]2c3cc4c(cc3[C@@H](O)[C@H]3COC(=O)[C@H]23)OCO4)cc(OC)c1O
0,0,0,0,,0,0,,0,0,0,0,TOX27905,C[n+]1ccn(Cc2ccccc2)c1
0,0,0,0,0,0,0,0,0,0,0,0,TOX27904,C=CCn1cc[n+](C)c1
0,0,,,,,,0,,,,,TOX27902,CCCCCCCC[N+](C)(CCCCCCCC)CCCCCCCC.O=S(=O)([N-]S(=O)(=O)C(F)(F)F)C(F)(F)F
0,0,0,,1,1,0,1,0,0,,0,TOX2777,Cc1ccc(-c2cc(C(F)(F)F)nn2-c2ccc(S(N)(=O)=O)cc2)cc1
0,0,0,0,1,1,0,,0,,0,0,TOX2774,CON=C(C(=O)N[C@@H]1C(=O)N2C(C(=O)O)=C(COC(N)=O)CS[C@H]12)c1ccco1
0,0,0,0,0,0,0,0,0,0,0,0,TOX1607,CCCCCC(=O)O
0,0,0,0,0,0,0,0,0,0,0,0,TOX1605,O=C(O)CCCCC(=O)O
0,0,0,0,0,0,0,0,0,0,0,0,TOX1604,CCCCCC=O
0,0,0,0,1,0,0,0,0,0,0,0,TOX1603,CCCCCC/C=C/CCCCCCCC(=O)O
0,0,0,0,1,1,0,0,0,0,0,0,TOX1602,CCCCCCCCCCCCCCCC(=O)O
0,0,0,0,0,0,0,0,0,0,0,0,TOX1601,O=C(C(Cl)(Cl)Cl)C(Cl)(Cl)Cl
0,0,0,0,0,0,0,0,0,0,0,0,TOX1600,CCCCCCC(=O)O
0,0,0,0,1,0,0,0,0,0,0,0,TOX1608,CCCC(=O)CC
0,0,0,0,0,0,0,1,0,0,0,0,TOX6461,CC(C)C#N
0,0,0,0,0,0,0,0,0,0,0,0,TOX5272,CCOC(=O)c1ccccc1N
0,0,0,0,0,0,0,0,0,0,0,0,TOX5271,CCNc1ccccc1
0,0,0,0,0,0,0,0,0,0,0,0,TOX2556,Nc1nc2c(ncn2COCCO)c(=O)[nH]1
0,0,0,,0,0,0,0,0,1,0,0,TOX2557,Nc1ncnc2[nH]cnc12
0,0,0,0,0,0,0,,0,,,0,TOX2555,Cc1ccc(/C(=C\CN2CCCC2)c2cccc(/C=C/C(=O)O)n2)cc1
0,0,0,0,0,0,0,0,0,0,0,0,TOX2558,Nc1ncnc2c1ncn2[C@@H]1O[C@H](CO)[C@@H](O)[C@H]1O
0,0,,,0,0,0,,0,,,,TOX2559,Nc1ncnc2c1ncn2[C@@H]1O[C@H](COP(=O)(O)OP(=O)(O)OP(=O)(O)O)[C@@H](O)[C@H]1O
0,0,0,1,0,0,0,0,0,0,,0,TOX618,N#Cc1ccc(C2CCCc3cncn32)cc1
0,,1,0,0,0,0,1,0,0,1,0,TOX619,CN(C)c1ccc(N=NS(=O)(=O)[O-])cc1
0,0,0,0,0,0,0,0,0,0,0,0,TOX969,CC[N+](=O)[O-]
0,0,0,0,0,0,0,0,0,0,0,0,TOX966,O=C(O)c1ccc([N+](=O)[O-])cc1
0,0,0,0,0,0,0,0,0,0,0,0,TOX967,CCCC[N+](=O)[O-]
0,0,0,0,0,0,0,0,0,0,0,0,TOX964,O=[N+]([O-])c1ccccc1
0,0,0,0,0,0,0,0,0,0,1,0,TOX965,O=[N+]([O-])c1ccc2[nH]cnc2c1
0,0,0,0,0,0,0,0,0,0,0,0,TOX962,COc1ccccc1[N+](=O)[O-]
0,0,0,0,0,0,0,0,0,0,0,0,TOX13161,CNC(=O)O/N=C/C(C)(C)S(C)=O
0,0,1,0,0,0,0,,0,0,1,0,TOX960,O=[N+]([O-])c1ccc2c3c(cccc13)CC2
0,0,0,,0,0,,0,0,0,0,0,TOX961,Nc1ccc([N+](=O)[O-])cc1
0,0,0,0,0,0,0,0,0,0,0,0,TOX12569,Cc1nc(N(C)C)nc(OC(=O)N(C)C)c1C
1,,1,,1,,0,,1,,1,1,TOX25410,CCCCc1ccc2[nH]c(NC(=O)OC)nc2c1
0,0,0,0,0,0,0,,0,0,,0,TOX25413,Clc1ccc(C(OCCN2CCCCC2)c2ccccc2)cc1
,,,,,,,0,,0,,,TOX25412,NC(CO)C(=O)NNCc1ccc(O)c(O)c1O
0,0,0,0,0,0,0,,0,,0,0,TOX25414,C=CC[N@@+]12CC[C@@]34c5ccccc5N5C=C6[C@H]7C[C@H]8[C@@]9(CC[N@@+]8(CC=C)C/C7=C/CO)c7ccccc7N(C=C([C@@H](C[C@@H]31)/C(=C\CO)C2)[C@H]54)[C@@H]69
0,0,,0,0,0,0,0,0,0,0,0,TOX25417,CCc1c(C)[nH]c2c1C(=O)C(CN1CCOCC1)CC2
0,0,0,0,0,0,0,0,0,0,0,0,TOX25416,CCN(CC)c1cc(C)nc2ncnn12
0,0,0,0,,0,0,0,0,0,0,0,TOX25419,CC(Cc1ccc(O)cc1)NCC(O)c1cc(O)cc(O)c1
0,0,,1,,0,,,0,,,,TOX14674,CC(C)C1CCC(Cc2ccc(Cl)cc2)C1(O)Cn1cncn1
0,0,1,0,0,0,0,0,0,0,0,0,TOX14676,CCOP(=S)(OCC)Oc1nc(Cl)n(C(C)C)n1
0,0,,0,0,0,0,0,0,0,0,0,TOX14673,COC(=O)c1ccc(I)cc1S(=O)(=O)[N-]C(=O)Nc1nc(C)nc(OC)n1
0,0,,,0,0,0,,0,,,0,TOX14672,II
0,0,0,0,0,0,0,1,0,0,1,1,TOX1959,Oc1c(Br)cc(Br)cc1Br
0,0,0,0,0,0,0,0,0,0,0,0,TOX1958,CCOC(=O)c1ccccc1O
1,0,0,0,0,0,0,0,0,1,0,0,TOX1957,O=C(Oc1ccccc1)c1ccccc1O
0,0,0,0,0,0,0,0,0,0,0,0,TOX1956,CCCCCCCCOC(=O)c1ccccc1C(=O)OCCCCCCCC
0,0,1,0,0,0,0,0,0,0,0,0,TOX1953,CCOP(=S)(OCC)Oc1ccc(S(C)=O)cc1
0,0,,0,1,0,0,1,0,0,1,0,TOX1952,O=P(Oc1ccccc1)(Oc1ccccc1)Oc1ccccc1
0,0,0,0,0,0,0,0,0,0,0,0,TOX7736,Cc1ccc(S(=O)(=O)[O-])cc1.[Na+]
0,0,0,0,0,0,0,,0,0,0,0,TOX7738,CC1C=[C-]C=C1.[C-]#[O+].[C-]#[O+].[C-]#[O+].[Mn+]
0,0,0,0,0,0,0,,0,,0,0,TOX3600,O=C1C[C@@H]2OCC=C3CN4CC[C@]56c7ccccc7N1[C@H]5[C@H]2[C@H]3C[C@H]46
0,0,0,0,0,0,0,0,0,0,0,0,TOX3603,C[N+](C)(C)CCOC(=O)CCC(=O)OCC[N+](C)(C)C
0,0,0,0,0,0,0,0,0,0,0,0,TOX3602,O=C(O)CCC(=O)O
0,0,0,0,0,0,,,0,0,0,,TOX3605,CC1(C)[C@H](C(=O)O)N2C(=O)C[C@H]2S1(=O)=O
0,0,0,0,0,0,0,0,0,0,0,0,TOX3607,COc1cc(NS(=O)(=O)c2ccc(N)cc2)nc(OC)n1
,,,,,,,,,0,,,TOX3606,CCn1ccc(NS(=O)(=O)c2ccc(N)cc2)nc1=O
0,0,0,0,0,0,0,0,0,0,0,0,TOX3609,N=C(N)NS(=O)(=O)c1ccc(N)cc1
0,0,0,0,0,0,0,0,0,0,0,0,TOX3608,COc1ncnc(NS(=O)(=O)c2ccc(N)cc2)c1OC
0,0,0,0,0,0,0,0,0,0,0,0,TOX7656,CCCCC(CC)COC(=O)CS
0,0,0,0,0,0,0,,0,0,,0,TOX7652,C=CC(=O)[O-]
0,0,0,0,0,0,0,0,0,0,0,0,TOX7653,C=C(C)C(=O)O[C@@H]1C[C@H]2CC[C@]1(C)C2(C)C
0,0,0,0,0,0,0,0,0,0,0,0,TOX7650,C=CC[N+](C)(C)CC=C
0,0,0,0,0,0,0,,0,1,,,TOX15784,CCOC(=O)/C=C(C)/C=C/C[C@@H](C)CCCC(C)C
0,0,0,0,,0,0,,0,1,,0,TOX15783,COC(C)(C)CCC[C@H](C)C/C=C/C(C)=C/C(=O)OC(C)C
0,0,0,0,0,0,0,1,0,0,0,0,TOX7658,CCCCCCCCS(=O)(=O)Cl
0,0,,0,0,0,0,0,0,0,0,0,TOX23714,Cn1nnc2c(C(N)=O)ncn2c1=O
0,0,0,0,0,0,0,0,0,0,0,0,TOX14924,O=C([O-])C(Cl)(Cl)Cl
0,0,0,0,0,0,,,0,0,,,TOX14929,Cc1cc(C)c(C2=C(OC(=O)CC(C)(C)C)C3(CCCC3)OC2=O)c(C)c1
0,,,,1,0,1,1,0,0,1,1,TOX14928,CCC(C)(C)C(=O)OC1=C(c2cc(Cl)cc(Cl)c2)C(=O)OC12CCCCC2
0,0,0,0,0,0,0,0,0,0,0,0,TOX5243,CCCCCCCCCCC1CO1
0,0,0,0,0,0,0,0,0,0,0,0,TOX21418,CCC(CC)C(=O)O
0,0,0,0,0,0,0,0,0,0,0,0,TOX21417,CCC(CO)(CO)[N+](=O)[O-]
0,,0,0,0,0,0,0,0,0,0,0,TOX21416,CCC(CC)CO
0,,1,,,0,,1,,1,,1,TOX21411,Cc1cc(Br)ccc1NC(=O)CCl
0,0,0,0,0,0,0,0,0,0,0,0,TOX21413,C=C(C)[C@@H]1CC=C(C)C(=O)C1
0,0,0,0,0,0,0,1,0,0,0,0,TOX21412,O=C(CCl)NCO
0,0,,0,0,0,0,,0,,0,0,TOX26292,O=C(O)COc1ccccc1/C=N/NC(=O)c1ccncc1
0,0,0,0,0,0,0,,0,,0,0,TOX26290,NCCC[C@H](N)CC(=O)N[C@H]1CNC(=O)[C@H]([C@H]2C[C@H](O)N=C(N)N2)NC(=O)/C(=C/NC(N)=O)NC(=O)[C@H](CO)NC(=O)[C@H](CO)NC1=O
0,0,1,0,0,0,,,0,0,0,0,TOX26296,O=C(CN1CCN(Cc2ccc3c(c2)OCO3)CC1)N1c2ccccc2Sc2ccccc21
0,0,0,0,0,0,0,1,0,0,,0,TOX26297,O=[N+]([O-])c1cccc(S(=O)(=O)NCCNS(=O)(=O)c2cccc([N+](=O)[O-])c2)c1
0,0,0,0,0,0,0,0,0,0,,0,TOX26294,CCN(CC)CCOC(=O)C(C)(c1ccccc1)c1ccccc1
0,0,,0,0,0,0,0,0,0,,0,TOX26295,OC(C#CCN1CCCC1)(c1ccccc1)c1ccccc1
0,0,0,0,0,0,0,,0,,0,0,TOX26298,O=C1NC(=O)[C@H]2[C@@H]1[C@@H]1C=C[C@H]2C1
0,0,,0,,0,0,0,0,0,0,0,TOX26299,CCCOC(=O)c1ccc(N)cc1
,,,,,,,0,,0,,,TOX31599,CCCOC(=O)c1cncn1C(C)c1ccccc1
0,0,0,0,0,0,0,,0,0,0,0,TOX27474,SCCCCCCCCS
1,1,0,1,1,1,,1,0,0,,0,TOX27477,C#CC1(O)CC[C@H]2[C@@H]3CCC4=CC(=O)CC[C@@H]4[C@H]3CC[C@@]21CC
0,0,0,,1,0,,0,0,1,0,0,TOX27476,c1csc(SSc2cccs2)c1
,,,,,,,0,,0,,,TOX31591,Nc1ccc2c(c1)CN1C(=O)c3ccccc3C1=N2
,,,,,,,0,,0,,,TOX31590,COc1cc(S(N)(=O)=O)cc(C(=O)O)c1OC
,,,,,,,1,,0,,,TOX31593,CC(=O)N1CCN(c2ccc(O)cc2)CC1
,,,,,,,0,,0,,,TOX31592,CCc1ccc(C2CCNCC2)cc1
,,,,,,,0,,0,,,TOX31595,COc1ccccc1N1CCN(CC(O)COc2cc(OC)c(OC)c(OC)c2)CC1
,,,,,,,0,,0,,,TOX31594,CCN(CC)c1ccc(C(=C2C=CC(=[N+](CC)CC)C=C2)c2cc(S(=O)(=O)[O-])ccc2S(=O)(=O)[O-])cc1
,,,,,,,0,,0,,,TOX31597,CN1CCN(N)CC1
,,,,,,,0,,0,,,TOX31596,Nc1nc(=O)n([C@@H]2O[C@H](CO)[C@@H](O)[C@@H]2F)cc1I
0,0,0,,,0,0,0,0,0,0,0,TOX5478,CC(=O)OC(C)C
0,0,0,0,0,0,0,0,0,0,0,0,TOX5474,C=CC(C)(O)CCCC(C)CCCC(C)CCCC(C)C
0,0,0,0,0,0,0,0,0,0,0,0,TOX6927,CCCCCCCCCCCCCCN(C)C
0,0,0,0,0,0,0,0,0,0,0,0,TOX6926,CCCCCCCCCCCCCCO
0,0,0,0,0,0,0,0,0,0,0,0,TOX6924,CCCCCCCCCCCCCCCCN(C)C
0,0,0,0,0,0,1,0,0,0,0,0,TOX6922,OCCOCCOCCOCCO
0,0,0,0,0,0,0,0,0,0,0,0,TOX6921,CCCCCCOCCOCCO
0,0,0,0,0,0,0,0,0,0,0,0,TOX9159,CC(C)CC(C)CC(O)CC(C)C
0,0,0,0,0,0,0,0,0,0,0,0,TOX9158,OCCN1CCN(CCO)CC1
0,0,0,0,1,0,0,0,0,0,0,0,TOX9157,CCCCCC(C=O)=Cc1ccccc1
0,0,0,0,0,0,0,0,0,0,0,0,TOX9154,O=C1CCCC1
0,0,0,0,0,0,0,0,0,0,0,0,TOX9153,O=C(OCc1ccccc1)c1ccccc1
0,0,0,0,0,0,0,0,0,0,0,0,TOX9152,COc1ccc(C)cc1[N+](=O)[O-]
0,0,0,0,0,0,0,0,0,0,0,0,TOX9150,CCC(N)(CO)CO
0,0,1,1,0,0,0,0,0,0,0,0,TOX5715,COC(=O)C1=C(C)NC(C)=C(C(=O)OC)C1c1ccccc1[N+](=O)[O-]
0,0,1,,0,0,,,0,0,1,1,TOX5716,O=C1c2ccccc2C(=O)C1(O)O
0,0,0,0,0,0,0,0,0,0,0,0,TOX14070,O=C(Cl)C(Cl)(Cl)Cl
0,,0,0,,,0,,,,1,,TOX26876,CCC/C=C/C=C/C(=O)O[C@H]1/C(=C/C(=O)OC)C[C@H]2C[C@H]([C@@H](C)O)OC(=O)C[C@H](O)C[C@@H]3C[C@H](OC(C)=O)C(C)(C)[C@](O)(C[C@@H]4C/C(=C/C(=O)OC)C[C@H](C=CC(C)(C)[C@]1(O)O2)O4)O3
0,,0,,,1,1,,1,,,1,TOX26872,Oc1ccc([Hg]Cl)cc1
0,,,,,0,,,0,,0,1,TOX26870,COC(COC(N)=O)C1=C(N2CC2)C(=O)C(C)=C(N2CC2)C1=O
0,0,0,0,0,0,0,,0,,0,0,TOX26871,CC1C(=O)CC2C3(C)CCC2(C(C)C(=O)O)C(=O)C13
0,0,0,0,0,0,0,0,0,0,0,0,TOX22149,COC(=O)CC(=O)C(C)(C)C
0,0,0,0,0,0,0,0,0,0,0,0,TOX22146,COC(=O)c1cc(Cl)cc(Cl)c1
0,0,0,,0,0,,,,0,0,0,TOX22145,COC(=O)C(Br)CBr
0,0,0,0,0,0,0,0,0,0,0,0,TOX22143,COC(=O)Cc1cccc2ccccc12
0,0,,0,0,0,0,,0,,,0,TOX22140,Cc1cccc(NC(=S)N(C)C)c1
0,0,1,0,0,0,0,0,0,0,1,0,TOX20127,Nc1cccc(N)n1
0,0,0,0,0,0,0,0,0,0,0,0,TOX20436,Nc1ncnc2c1ncn2[C@@H]1O[C@@H]2COP(=O)(O)O[C@H]2[C@H]1O
0,,0,1,,0,,,,,1,,TOX28624,CCCCCCCCCCCC[N+](C)(C)Cc1ccccc1
1,1,0,,0,0,0,,0,,0,0,TOX20438,CC(C)(CO)[C@@H](O)C(=O)NCCC(=O)[O-].CC(C)(CO)[C@@H](O)C(=O)NCCC(=O)[O-]
0,0,0,0,0,0,0,,0,,0,0,TOX20129,Nc1nc(=O)n([C@@H]2CS[C@H](CO)O2)cc1F
0,0,0,0,0,0,0,,0,,0,0,TOX28878,NCCCC[C@H](NC(=O)[C@@H]1CCCN1C(=O)[C@@H]1CSSC[C@H](NC(=O)CNC(=O)CNC(=O)CN)C(=O)N[C@@H](Cc2ccc(O)cc2)C(=O)N[C@@H](Cc2ccccc2)C(=O)N[C@@H](CCC(N)=O)C(=O)N[C@@H](CC(N)=O)C(=O)N1)C(=O)NCC(N)=O
1,,0,0,1,1,0,,0,,0,1,TOX28879,C[C@]12CC[C@@H]3c4ccc(OC(=O)N(CCCl)CCCl)cc4CC[C@H]3[C@@H]1CC[C@@H]2OP(=O)([O-])[O-]
0,,0,0,0,,0,0,0,0,1,,TOX28874,NC1(c2ccc(-c3nc4ccn5c(=O)[nH]nc5c4cc3-c3ccccc3)cc2)CCC1
0,0,0,0,0,0,0,,0,,0,0,TOX28875,Cc1nnc(C(C)C)n1C1C[C@H]2CC[C@H](C1)N2CC[C@H](NC(=O)C1CCC(F)(F)CC1)c1ccccc1
0,0,1,0,0,0,0,,0,,0,0,TOX28876,COc1cc2c(c(OC)c1OC)-c1c(cc3c(c1OC)OCO3)C[C@@H](C)[C@](C)(O)C2
0,0,,,1,1,0,,0,0,0,0,TOX28870,Cn1cnc2c(F)c(Nc3ccc(Br)cc3Cl)c(C(=O)NOCCO)cc21
0,0,0,,,0,0,,,,1,1,TOX28871,O=C(NOCC1CC1)c1ccc(F)c(F)c1Nc1ccc(I)cc1Cl
0,0,0,0,0,0,0,,0,,0,0,TOX28872,CCCCCCCCCCCCCCCCCCOP(=O)([O-])OC1CC[N+](C)(C)CC1
0,,,,0,,0,1,,0,,1,TOX28873,COc1cc2c(N3CCN(C(=O)Nc4ccc(OC(C)C)cc4)CC3)ncnc2cc1OCCCN1CCCCC1
0,0,0,0,0,0,0,0,0,0,,0,TOX1382,ClC=C(Cl)Cl
0,0,0,0,,0,0,,0,0,0,0,TOX1380,ClCC(Cl)Cl
0,0,0,0,0,0,0,0,0,0,0,0,TOX1381,CC(Cl)(Cl)Cl
0,0,,0,0,0,0,1,0,0,1,0,TOX1386,Oc1c(Cl)cc(Cl)cc1Cl
0,0,0,0,0,0,1,0,0,0,,0,TOX1387,CC(Oc1cc(Cl)c(Cl)cc1Cl)C(=O)O
1,1,0,0,0,0,0,0,0,0,,0,TOX1384,FC(Cl)(Cl)Cl
0,0,0,,,0,0,1,0,,1,1,TOX1385,O=C1c2ccccc2C(=O)N1SC(Cl)(Cl)Cl
0,0,0,0,0,0,0,1,0,0,,0,TOX1388,O=C(O)COc1cc(Cl)c(Cl)cc1Cl
0,,0,0,0,0,0,1,0,0,0,0,TOX1389,COP(=O)(OC)C(O)C(Cl)(Cl)Cl
1,1,,,,0,0,0,0,0,1,0,TOX25646,CC(=O)OCC(=O)[C@@]1(OC(C)=O)[C@@H](C)C[C@H]2[C@@H]3C[C@H](F)C4=CC(=O)C=C[C@]4(C)[C@@]3(F)[C@@H](O)C[C@@]21C
0,0,0,0,,0,0,0,0,0,,0,TOX6633,CN(C)C1CCCCC1
0,0,0,0,0,0,0,0,0,0,0,0,TOX6631,O=C(Cl)c1ccccc1
,,,,,,,0,,,,,TOX25649,C[C@@H](N)C(=O)O
0,0,1,0,1,1,0,1,0,0,,,TOX17522,CCOP(=S)(OCC)SC(CCl)N1C(=O)c2ccccc2C1=O
0,0,0,0,0,0,0,,0,0,0,0,TOX17523,CCOP(=O)(OCC)Oc1cc(C)nc(C(C)C)n1
0,0,,0,0,0,0,0,0,0,0,0,TOX17527,CCOc1ccc(NC(=O)OC(C)C)cc1OCC
0,0,1,,,0,,1,0,,0,,TOX1168,CCCCCCCCS(=O)C(C)Cc1ccc2c(c1)OCO2
0,0,0,0,0,0,0,0,0,0,0,0,TOX4409,CC(=O)c1ccccn1
0,0,1,0,0,0,0,0,0,0,,0,TOX1166,CCCCOCCOCCOCc1cc2c(cc1CCC)OCO2
0,0,0,0,,,0,0,0,0,0,0,TOX1165,C1CCNCC1
0,0,0,0,0,0,0,0,0,0,0,0,TOX1162,CC[C@@H]1C(=O)OC[C@@H]1Cc1cncn1C
0,0,0,0,0,0,0,,0,,0,0,TOX1163,C[C@@H]1CC=CC=CC=CC=C[C@H](O[C@@H]2O[C@H](C)[C@@H](O)[C@H](N)[C@@H]2O)C[C@@H]2O[C@](O)(C[C@@H](O)C[C@H]3O[C@@H]3C=CC(=O)O1)C[C@H](O)[C@H]2C(=O)O
0,0,1,0,0,0,0,0,0,0,0,0,TOX1160,Nc1c(Cl)c(Cl)nc(C(=O)O)c1Cl
0,0,0,0,0,0,0,0,0,0,0,0,TOX2128,C=C(C)C(=O)OCCO
0,0,0,0,1,0,0,1,0,0,0,0,TOX2123,C=CC(=O)OCCO
0,0,0,0,0,0,0,0,0,0,0,0,TOX2121,O=P(c1ccccc1)(c1ccccc1)c1ccccc1
0,0,1,0,1,0,0,0,0,,0,0,TOX2120,CCOP(=S)(OCC)SCSc1ccc(Cl)cc1
0,0,0,,1,1,,1,0,0,1,,TOX2127,Oc1ccc(Oc2ccccc2)cc1
0,0,0,0,0,0,0,0,0,0,,0,TOX2124,C#CC(O)CCCCC
0,0,0,,,0,,,,,1,,TOX3835,CC(C)(C)NC(=O)[C@@H]1C[C@@H]2CCCC[C@@H]2CN1C[C@@H](O)[C@H](Cc1ccccc1)NC(=O)[C@H](CC(N)=O)NC(=O)c1ccc2ccccc2n1
0,0,0,0,0,0,0,0,0,0,,0,TOX3833,C[Si](C)=O
0,0,,1,0,0,0,0,0,0,,0,TOX24737,CCOc1cc([N+](=O)[O-])c(OCC)cc1N1CCOCC1
0,0,0,0,0,0,0,,0,,0,0,TOX24735,O=S(=O)([O-])c1cccc(S(=O)(=O)[O-])c1
0,0,0,0,0,0,0,0,0,0,0,0,TOX24734,CN(C)CCOCCN(C)CCO
0,0,0,0,0,0,0,0,0,0,0,0,TOX24733,O=C([O-])c1cccc([N+](=O)[O-])c1
0,0,1,0,0,0,0,1,0,0,1,,TOX24731,O=C1NC(=O)c2cccc3cccc1c23
0,,0,0,0,0,1,0,0,0,,0,TOX24738,CCOC(=O)C1=NN(c2ccccc2)C(=O)C1
0,0,0,0,0,0,0,0,0,1,0,0,TOX18808,C=C[Si]1(C)O[Si](C)(C=C)O[Si](C)(C=C)O[Si](C)(C=C)O1
0,0,0,0,0,0,0,0,0,0,0,0,TOX18800,CCCCOC(=O)CCC(C)=O
0,0,1,,1,0,0,0,1,0,0,0,TOX18801,c1ccc(CNc2ncnc3c2ncn3C2CCCCO2)cc1
0,0,0,0,1,0,0,0,0,0,0,0,TOX5632,Cc1ccc(N)c([N+](=O)[O-])c1
0,0,0,,0,0,0,,0,0,0,0,TOX28123,ClCC=CCCl
0,0,0,0,0,0,0,0,0,,0,0,TOX5634,Cc1ccc([N+](=O)[O-])c(N)c1
,,,,1,0,0,0,0,,0,0,TOX5635,CNc1ccc([N+](=O)[O-])cc1
,0,,,0,0,,1,1,0,1,0,TOX399,Nc1ccc(/N=N/c2ccc(N)cc2)cc1
0,0,0,0,0,0,0,0,0,0,0,0,TOX6501,CC1=CCC2CC1C2(C)C
0,0,0,0,0,0,0,0,0,0,,0,TOX390,CC(=O)NNC(C)=O
0,0,0,1,0,0,0,0,0,0,0,0,TOX392,C=CCOC(=O)c1ccccc1C(=O)OCC=C
0,0,1,0,1,1,0,0,0,0,1,1,TOX5983,Oc1cccc(O)c1O
0,0,0,0,0,0,0,1,0,0,0,0,TOX601,S=C1NCCN1
0,0,1,,1,0,0,1,0,0,1,0,TOX971,O=[N+]([O-])c1ccc2c(c1)Cc1ccccc1-2
,,,,,,,0,,0,,,TOX31509,COC(=O)c1cc(Cl)ccc1OC
0,0,0,0,0,0,0,0,0,0,,0,TOX606,CCCCC(CC)COC(=O)CCCCC(=O)OCC(CC)CCCC
0,,0,,0,0,1,,,,1,1,TOX26545,O=c1c(-c2ccccc2)c1-c1ccccc1
0,0,0,0,0,0,0,,0,,,0,TOX26542,O=C(OCc1ccccc1)c1cccnc1
0,,0,,0,0,,1,0,0,1,0,TOX972,O=C1CN(N=Cc2ccc([N+](=O)[O-])o2)C(=O)N1
,,,,,,,0,,0,,,TOX26543,O=C(O)c1ccc[n+]([O-])c1
0,0,0,0,0,0,0,,0,,0,0,TOX26540,OC1OC[C@@H](O)[C@H](O)[C@@H]1O
0,0,0,0,1,1,0,0,0,0,0,0,TOX26541,NC(=O)CCCCC1CCSS1
0,0,0,0,0,0,0,0,0,0,0,0,TOX6718,CCOC(=O)CC#N
,0,,0,0,0,0,0,0,0,0,0,TOX6714,CCCC(C)CO
0,0,0,0,0,0,0,,0,0,0,0,TOX6715,CCOC(=O)CCl
0,0,0,0,0,0,0,0,0,0,0,0,TOX6716,COC(=O)CC(C)=O
0,0,0,0,0,0,0,0,0,0,,0,TOX6710,COc1ccc(C)cc1
0,0,0,0,0,0,0,0,0,0,0,0,TOX6711,CCc1ccc(CC)cc1
0,0,0,0,0,0,0,0,0,0,0,0,TOX6712,OCC1CCC(CO)CC1
0,0,0,0,0,0,0,0,0,0,0,0,TOX6713,C=C(C)C(=O)OCCN(CC)CC
0,0,0,0,1,1,0,,0,,,0,TOX26608,CCN(CC)CCOCCOC(=O)C(CC)(CC)c1ccccc1.O=C(O)CC(O)(CC(=O)O)C(=O)O
0,0,0,0,1,,0,,0,,0,0,TOX26601,O=P([O-])([O-])OC[C@@]1(O)O[C@H](COP(=O)([O-])O)[C@@H](O)[C@@H]1O
0,0,0,0,1,0,0,0,0,0,,0,TOX26600,CN1CCN(c2c(F)cc3c(=O)c(C(=O)O)cn4c3c2OCN4C)CC1
0,0,0,0,0,0,0,,0,,0,0,TOX26603,NC1CCCCC1.NC1CCCCC1.O=P(O)(O)OC[C@H](O)CO
0,0,0,0,,0,,,0,,0,1,TOX26602,O=c1[nH]c(=O)n([C@H]2C[C@H](O)[C@@H](CO)O2)cc1C(F)(F)F
0,0,0,0,,0,0,0,0,0,0,0,TOX26604,CCC(=O)O.CCC(=O)O.O=C(Nc1cccc(C2=NCCN2)c1)Nc1cccc(C2=NCCN2)c1
0,0,0,0,0,0,0,,0,,0,0,TOX26607,O=S(=O)([O-])CC(S)CS
0,,0,,,0,0,,,0,1,,TOX26606,CCCCCCCCCCCCCC[N+](C)(C)Cc1ccccc1
0,0,0,1,1,0,0,0,0,0,1,0,TOX4245,CCC(CC)Nc1c([N+](=O)[O-])cc(C)c(C)c1[N+](=O)[O-]
0,0,1,0,1,0,0,0,0,0,1,0,TOX4246,Brc1ccc(Oc2cc(Br)c(Br)cc2Br)c(Br)c1
0,0,0,0,0,0,0,0,0,0,0,0,TOX4247,Clc1cc(Cl)c(Cl)c(Cl)c1Cl
0,0,0,0,,0,0,1,0,0,,0,TOX4241,CCOc1cc(Oc2ccc(C(F)(F)F)cc2Cl)ccc1[N+](=O)[O-]
0,0,0,0,,0,0,0,0,0,0,0,TOX4242,CC(C)(C)C(O)C(Cc1ccc(Cl)cc1)n1cncn1
0,0,0,0,0,0,0,0,0,0,0,0,TOX25394,O=C(O)c1ccccc1OP(=O)(O)O
0,0,0,0,0,0,0,0,0,0,,0,TOX25392,COc1c2c(cc3c1OCO3)CCN(C)C2
0,0,1,0,0,0,0,,0,0,0,0,TOX25393,CCCCOc1cc(C(=O)OCCN(CC)CC)ccc1N
0,0,0,0,0,0,0,0,0,0,0,0,TOX25390,CN(C)CCOC(=O)C(c1ccccc1)C1(O)CCCC1
0,0,0,0,0,0,0,0,0,0,0,0,TOX28880,CC(C)CC(NC(=O)CNC(=O)[C@H](Cc1ccc(O)cc1)NC(=O)[C@@H](CO)NC(=O)[C@@H](Cc1c[nH]c2ccccc12)NC(=O)[C@@H](Cc1c[nH]cn1)NC(=O)[C@H]1CCC(=O)N1)C(=O)N[C@H](CCCNC(=N)N)C(=O)N1CCC[C@@H]1C(=O)NCC(N)=O
1,1,0,0,,0,,,0,0,,0,TOX26465,C[C@]12CC[C@H]3[C@H]([C@@H]1[C@@H]1C[C@@H]1[C@@]21CCC(=O)O1)[C@H]1C[C@H]1C1=CC(=O)CC[C@@]13C
0,0,0,0,0,0,0,0,0,0,0,0,TOX26464,NC(=O)OCCCc1ccccc1
0,0,0,0,0,0,0,0,0,0,,0,TOX26467,C[C@H]1CNc2c(cccc2S(=O)(=O)N[C@@H](CCCNC(=N)N)C(=O)N2CC[C@@H](C)C[C@@H]2C(=O)O)C1
,,,,,,,0,,0,,,TOX25391,CC(C)NCC(O)c1cc(O)cc(O)c1.CC(C)NCC(O)c1cc(O)cc(O)c1
1,0,0,0,0,0,0,0,0,0,0,0,TOX26461,COC(=O)c1ccccc1C(=O)c1ccc(OCCN2CCCCC2)cc1
1,1,0,,0,0,0,0,0,0,,0,TOX26460,C[C@@H]1C[C@H]2[C@@H]3C[C@H](F)C4=CC(=O)C(Cl)=C[C@]4(C)[C@@]3(F)[C@@H](O)C[C@]2(C)[C@@]1(O)C(=O)CO
0,0,,0,0,0,0,,0,0,1,0,TOX26463,CC(C)OC(=O)C(C(=O)OC(C)C)=C1SC=CS1
1,0,0,,0,0,0,,0,,0,0,TOX26462,CN[C@@H]1[C@@H](O)[C@@H](O[C@@H]2[C@@H](O)[C@H](O[C@H]3O[C@H](CN)[C@@H](O)[C@H](O)[C@H]3O)[C@@H](N)C[C@H]2NC(=O)C(O)CN)OC[C@]1(C)O
0,0,0,0,0,0,0,0,0,0,0,0,TOX10787,Cc1ccnc2c1NC(=O)c1cccnc1N2C1CC1
0,,0,0,,0,,,0,,0,0,TOX28884,Cc1cc(-n2c(=O)[nH]c(=O)n(C)c2=O)ccc1Oc1ccc(S(=O)(=O)C(F)(F)F)cc1
0,0,0,0,0,0,0,,0,,0,0,TOX28555,CCOC(=O)[C@H](CCc1ccccc1)N[C@H]1CCCN2CCC[C@@H](C(=O)O)N2C1=O
0,0,0,0,0,0,0,0,0,0,0,0,TOX28886,CC(=O)Nc1c(I)c(NC(C)=O)c(I)c(C(=O)O)c1I
0,0,0,0,0,0,0,0,0,0,0,0,TOX24856,CCOC(=O)NCCC[Si](OCC)(OCC)OCC
0,0,0,0,0,0,,0,0,0,1,0,TOX24857,CCO[Si](CC(C)C)(OCC)OCC
0,0,0,0,0,0,0,0,0,0,,0,TOX24678,Cc1ccccc1C(OCCN(C)C)c1ccccc1.O=C(O)CC(O)(CC(=O)O)C(=O)O
0,0,0,,0,0,0,1,0,,0,,TOX28558,COc1cccc(C(=O)CCN[C@@H](C)[C@H](O)c2ccccc2)c1
0,0,0,0,0,0,0,1,0,,0,0,TOX4652,O=[N+]([O-])C(Br)(CO)CO
0,0,0,0,0,0,0,0,0,0,0,0,TOX4657,OCCCBr
0,0,0,0,0,0,0,0,0,,0,0,TOX4659,Cc1cccc(Br)c1
0,0,0,0,,0,0,0,0,0,0,0,TOX4658,BrCc1ccccc1
,,,,,,,0,,0,,,TOX31478,CCC(=O)Oc1ccc2c(c1)CC[C@@H]1[C@@H]2CC[C@@]2(C)[C@H]1C[C@@H](OC(=O)CC)[C@@H]2OC(=O)CC
,,,,,,,0,,0,,,TOX31479,C[C@@H]1C[C@H]2[C@@H]3CCC4=CC(=O)C=C[C@]4(C)[C@@]3(F)[C@@H](O)C[C@]2(C)[C@@]1(O)C(=O)COC(=O)c1ccncc1
,,,,,,,0,,0,,,TOX31476,CC1=C(C(=O)O)N2C(=O)[C@@H](N)[C@H]2SC1
,,,,,,,0,,0,,,TOX31477,CC(=O)/C=C/C=C1/C2CCC(C2)C1(C)C
,,,,,,,0,,0,,,TOX31474,CC1(C)OC(=O)Nc2ccc(Br)cc21
,,,,,,,0,,0,,,TOX31475,O=C(O)Cn1cnnn1
,,,,,,,0,,0,,,TOX31472,NS(=O)(=O)c1cc2c(cc1Cl)CN(C1CCCCC1)C2=O
,,,,,,,1,,1,,,TOX31473,O=Cc1ccc(O)c(O)c1O
,,,,,,,,,0,,,TOX31470,CCCCCCOC(=O)/N=C(/N)c1ccc(NCc2nc3cc(C(=O)N(CCC(=O)OCC)c4ccccn4)ccc3n2C)cc1
,,,,,,,,,0,,,TOX31471,Cc1ccc(CCn2c3c(c4cc(Cl)ccc42)CN(C)CC3)cn1
0,0,0,0,0,0,0,0,0,0,0,0,TOX20608,C[N+]1(C)[C@H]2C[C@H](OC(=O)[C@H](CO)c3ccccc3)C[C@@H]1[C@H]1O[C@@H]21
0,0,1,,1,1,0,0,0,0,,0,TOX21600,COP(=S)(NC(C)C)Oc1ccc(C)cc1[N+](=O)[O-]
0,0,0,0,0,0,0,0,0,0,,0,TOX21604,CCCCCOC(=O)CCC
0,0,0,0,0,0,0,0,0,0,0,0,TOX21607,c1cncc([C@@H]2CCCCN2)c1
0,0,0,0,0,0,0,,0,0,0,0,TOX21951,CCOC(=O)C(Br)c1ccccc1
0,0,0,0,0,0,0,0,0,0,0,0,TOX21954,CCCCCC(=O)CC
0,0,0,0,0,0,0,1,0,0,,0,TOX21955,CCN(CCO)CCO
0,0,0,0,0,0,0,0,0,0,0,0,TOX24124,COc1ccc(C2CNC(=O)C2)cc1OC1CCCC1
0,0,0,0,0,0,0,0,0,0,0,0,TOX21957,CCOC(OCC)OCC
0,0,0,0,0,0,0,0,0,0,0,0,TOX21959,CCOC(=O)C(F)(F)F
0,0,0,0,0,0,0,0,0,0,0,0,TOX27236,C=C[C@@H](C)CCC=C(C)C
0,0,0,0,0,0,0,,0,,0,0,TOX26895,NC1=NC(=O)N2CC12
0,0,0,0,0,0,0,0,0,0,0,0,TOX24660,SCCSCCS
,,,,,,,0,,0,,,TOX31271,Cc1cccc(C)c1NC(=O)c1ccc(N)cc1
0,0,0,0,0,0,0,,0,,0,0,TOX28607,CCCCNC(C)(C)[PH](=O)O
0,0,0,0,0,0,0,0,0,0,0,0,TOX28606,N[C@@H](Cc1cc(I)c(O)c(I)c1)C(=O)O
0,0,0,,,0,0,0,0,0,0,0,TOX28605,CN(C(=O)Cc1ccc(Cl)c(Cl)c1)[C@H]1CC[C@@]2(CCCO2)C[C@@H]1N1CCCC1
0,0,0,0,0,0,0,,0,,0,0,TOX28603,CCC[C@@H]1C[C@@H](C(=O)N[C@H]([C@H](C)Cl)[C@H]2O[C@H](SC)[C@H](OP(=O)(O)O)[C@@H](O)[C@H]2O)N(C)C1
0,0,0,,,0,,0,0,0,0,0,TOX28602,O=C1CC2(CCCC2)CC(=O)N1CCNCC1COc2ccccc2O1
0,0,0,0,0,0,0,0,0,0,,0,TOX24380,O=C(C(=O)c1ccccc1)c1ccccc1
0,0,0,,0,0,0,1,0,0,0,0,TOX28600,N=C(N)c1ccc(OCCCOc2ccc(C(=N)N)cc2)cc1
,0,0,0,0,0,0,0,0,0,0,0,TOX26890,CC(=C(CCO)SSC(CCO)=C(C)N(C=O)Cc1cnc(C)nc1N)N(C=O)Cc1cnc(C)nc1N
0,0,0,0,0,0,0,0,0,0,0,0,TOX1599,CCCCCCC#N
0,0,0,0,0,0,0,,0,0,0,0,TOX1598,O=C(O)CCCCCC(=O)O
0,0,1,0,0,0,0,0,0,0,1,0,TOX9364,COc1ccc(Nc2ccccc2)c(C)c1
1,,0,0,,0,0,,,0,1,,TOX26892,CCCC(=O)OC[C@@H](OC(=O)CCC)[C@@H](OC(=O)CCC)[C@H](Cn1c2nc(=O)[nH]c(=O)c-2nc2cc(C)c(C)cc21)OC(=O)CCC
0,0,0,,0,0,,,0,0,,0,TOX9362,CCO[Si](CCCSSSSCCC[Si](OCC)(OCC)OCC)(OCC)OCC
0,0,0,0,0,0,0,0,0,0,0,0,TOX9369,C=COC(=O)C(C)(CC)CCC(C)C
,,,,,,,,,0,,,TOX2715,CC(CC1c2ccccc2CCc2ccccc21)CN(C)C
0,0,0,0,0,0,0,0,0,0,0,0,TOX2718,CCCC[N+]1(C)[C@H]2C[C@H](OC(=O)[C@H](CO)c3ccccc3)C[C@@H]1[C@H]1O[C@@H]21
,,,,,,,0,,0,,,TOX2719,C=CCN1C[C@H](C(=O)N(CCCN(C)C)C(=O)NCC)C[C@@H]2c3cccc4[nH]cc(c34)C[C@H]21
0,0,0,0,0,0,0,0,0,0,0,0,TOX24662,CCCCCCCCSCC
0,0,0,0,1,0,0,,0,,0,0,TOX28956,O=S(O)CO[Na]
0,0,0,0,0,0,0,0,0,0,0,0,TOX24986,C=COCCOCCOCCOC=C
0,0,0,0,0,0,0,0,0,0,0,0,TOX1621,CCC(C)C(=O)O
0,0,0,0,0,0,0,0,0,0,0,0,TOX1620,CC(C)CC#N
0,0,0,0,0,0,0,0,0,0,0,0,TOX1627,Cc1ccc(C(=O)O)o1
0,0,0,0,1,1,0,0,0,0,0,0,TOX1626,CC(C)c1ccc(CO)cc1
0,0,0,0,0,0,0,0,0,0,0,0,TOX1629,CC(=O)CCC=C(C)C
0,0,0,0,0,0,0,,0,,0,0,TOX28953,CCC(C)C(C(=O)OCC[N+](C)(CC)CC)c1ccccc1
0,0,1,,1,0,0,,1,,0,0,TOX28952,Nc1ncnc(Nc2ccc(Cl)cc2)n1
0,0,0,,0,0,0,0,0,0,0,0,TOX25653,CN(C)CCCSc1ccccc1NC(=O)/C=C/c1ccccc1
0,0,0,0,0,0,0,0,0,0,0,0,TOX25652,CC(C)NCC(O)c1ccc(N)c(C#N)c1
0,0,0,,0,0,0,0,0,0,0,0,TOX25651,CN1C(=O)COc2c(C(=O)NC3CN4CCC3CC4)cc(Cl)cc21
0,0,0,0,0,0,0,0,0,0,0,0,TOX6488,C=C1C2CCC(C2)C1(C)C
0,0,0,0,0,0,0,0,0,0,,0,TOX25656,CC(C(O)c1ccc(O)cc1)N1CCC(Cc2ccccc2)CC1
0,0,0,0,0,0,0,0,0,0,0,0,TOX25655,O=C(O)CN1C(=O)c2cccc3cccc(c23)C1=O
0,0,0,0,,0,0,0,0,0,0,0,TOX25654,NP(N)(=O)NC(=O)c1ccc(F)cc1
0,0,0,0,0,0,0,0,0,0,0,,TOX25659,Clc1cccc(SC2CCNCC2)n1
0,0,0,0,0,0,0,,0,,,0,TOX25658,CC(=O)OC1CN2CCC1CC2
0,0,0,1,0,0,0,1,0,0,,0,TOX5299,CCCCC(CC)COC(=O)C(C#N)=C(c1ccccc1)c1ccccc1
0,0,0,0,0,0,0,0,0,0,0,0,TOX5295,CCCC=C(C=O)CC
0,0,0,0,0,0,0,0,0,0,0,0,TOX5297,C=CC(=O)OCC(CC)CCCC
0,0,0,0,0,0,0,0,0,0,0,0,TOX5291,CCCCC(C=O)CC
0,0,0,0,0,0,0,0,0,0,0,0,TOX5292,CCCC(O)C(CC)CO
0,0,0,0,0,0,0,0,0,0,0,0,TOX5293,CCCCC(CC)C(=O)O
0,0,0,0,0,0,0,1,0,0,,0,TOX948,O=[N+]([O-])c1ccc(-c2nnc(O)o2)o1
0,0,1,0,0,0,0,0,0,0,0,0,TOX18321,O=C(O)c1cccc(Oc2ccccc2)c1
0,0,1,0,0,0,0,0,0,0,0,0,TOX943,COc1ccc([N+](=O)[O-])cc1N
0,0,0,0,0,0,0,1,0,0,1,0,TOX944,NC(=O)N/N=C/c1ccc([N+](=O)[O-])o1
0,,0,,,,,1,1,1,,,TOX946,CC(=O)OC(OC(C)=O)c1ccc([N+](=O)[O-])o1
0,0,0,0,0,0,1,0,0,0,0,0,TOX25389,O=C(O)Cc1ccc(-c2ccccc2)cc1
0,0,0,0,0,0,0,1,0,0,0,0,TOX25388,NC(=O)c1cc[n+](CC2=C(C(=O)[O-])N3C(=O)[C@@H](NC(=O)Cc4cccs4)[C@H]3SC2)cc1
0,0,0,0,0,0,0,0,0,0,0,0,TOX12547,CCOc1nc(C(Cl)(Cl)Cl)ns1
0,0,0,0,0,0,0,,0,0,0,0,TOX25380,O=C1OC(CN2CCOCC2)CN1N=Cc1ccc([N+](=O)[O-])o1
0,0,,0,0,0,0,0,0,0,0,0,TOX25383,CCN(CC)CCNC(=O)c1cc(Br)c(N)cc1OC
0,0,0,0,0,0,0,0,0,0,0,0,TOX25382,C=C1c2cccc(O)c2C(=O)C2=C(O)[C@]3(O)C(=O)C(C(N)=O)=C(O)[C@@H](N(C)C)[C@@H]3[C@@H](O)[C@H]12
0,0,0,0,0,0,0,,0,,0,0,TOX25385,CC(=O)N[C@@H](CC(=O)N[C@@H](CCC(=O)O)C(=O)O)C(=O)O
0,0,0,0,0,0,0,,0,,0,0,TOX25384,C[N+]1([O-])[C@H]2CC[C@@H]1C[C@H](OC(=O)C(CO)c1ccccc1)C2
0,0,0,0,0,0,0,0,0,0,0,0,TOX25386,C[C@H]1CCC[C@@H](C)N1
0,0,0,0,0,0,0,,0,0,0,0,TOX16435,CCCCCCCCN1CCCC1=O
1,0,,,,,0,1,0,0,0,,TOX25474,COC(=O)[C@@]1(C)[C@H](C)C[C@H]2[C@@H]3CCC4=CC(=O)C=C[C@]4(C)[C@H]3[C@@H](O)C[C@@]21C
0,0,,,1,0,0,1,1,0,0,0,TOX25472,COc1ccc2cc(CCC(C)=O)ccc2c1
0,0,0,0,1,0,0,0,0,0,0,0,TOX16438,Cc1cc(-n2nc3ccc(Cl)cc3n2)c(O)c(C(C)(C)C)c1
1,0,0,0,0,0,0,,0,,0,0,TOX25479,CN[C@@H]1[C@@H](O)[C@@H](O[C@@H]2[C@@H](O)[C@H](OC3OC(CN)=CCC3N)[C@@H](N)C[C@H]2N)OC[C@]1(C)O.CN[C@@H]1[C@@H](O)[C@@H](O[C@@H]2[C@@H](O)[C@H](OC3OC(CN)=CCC3N)[C@@H](N)C[C@H]2N)OC[C@]1(C)O
0,0,0,0,0,0,0,0,0,0,0,0,TOX25478,CC(C)(C)NCC(O)COc1cccc2c1CCC(=O)N2
0,0,0,0,,0,0,0,0,0,,0,TOX7281,O=C(O)c1cc2ccccc2nc1C(=O)O
0,0,0,0,0,0,0,0,0,0,0,0,TOX7280,CCCCCCCCCCCCCCCCCC#N
1,0,1,,1,0,0,1,1,0,,0,TOX491,CN(C)c1ccc(N=Nc2ccccc2)cc1
0,0,0,0,0,0,0,0,0,0,0,0,TOX497,Cc1ncc([N+](=O)[O-])n1C
0,0,0,0,0,0,0,0,0,0,0,0,TOX494,COP(C)(=O)OC
0,0,0,0,0,0,0,1,0,0,0,0,TOX7288,C/C=C(C)/C=C/C=C(C)C
0,0,0,0,0,0,0,0,0,0,0,0,TOX498,COC(=O)c1ccc(C(=O)OC)cc1
0,0,0,0,0,0,0,0,0,0,0,0,TOX499,CC(=O)N(C)C
0,0,,0,0,0,0,0,0,0,0,0,TOX3990,CCNc1nc(Cl)nc(NC(C)(C)C#N)n1
,0,,0,0,0,0,0,0,,1,0,TOX3997,CC1(C)[C@H](/C=C(\Cl)C(F)(F)F)[C@@H]1C(=O)O[C@H](C#N)c1cccc(Oc2ccccc2)c1
0,0,1,0,0,0,0,0,0,0,0,0,TOX3999,Nc1nc(N)nc(NC2CC2)n1
0,0,0,0,0,0,0,0,0,0,0,0,TOX3998,CC1(C)C(C=C(Cl)Cl)C1C(=O)OC(C#N)c1cccc(Oc2ccccc2)c1
0,0,0,0,1,0,0,0,0,0,0,0,TOX3442,NC(=O)NC(=O)Cc1ccccc1
0,0,,,0,0,0,,0,0,,0,TOX3441,OCCN1CCN(CCCN2c3ccccc3Sc3ccc(Cl)cc32)CC1
0,0,0,0,0,0,0,0,0,0,0,0,TOX3440,CCC[C@H](N[C@@H](C)C(=O)N1[C@H](C(=O)O)C[C@@H]2CCCC[C@@H]21)C(=O)OCC
0,0,0,0,0,0,0,0,0,0,,0,TOX21698,CNC(=O)O/N=C(\C)C(C)S(C)(=O)=O
0,0,0,0,0,0,0,0,0,0,0,0,TOX1979,CC(=O)CC(C)=O
0,,,1,,1,,,1,1,1,1,TOX1464,CN(C)C(=S)[S-].CN(C)C(=S)[S-].[Zn+2]
0,0,0,0,0,0,0,0,0,0,0,0,TOX1971,O=[N+]([O-])c1cccc(Cl)c1
0,0,0,,0,0,0,0,0,0,1,0,TOX1975,c1ccc(Nc2ccccc2)cc1
0,0,0,0,0,0,0,0,0,0,0,0,TOX1974,CC(C)c1ccc(C=O)cc1
0,0,0,0,0,0,0,0,0,0,0,0,TOX1977,CCc1ccc(O)cc1
0,0,0,0,,1,1,,1,1,1,1,TOX1462,CCCCN(CCCC)C(=S)[S-].CCCCN(CCCC)C(=S)[S-].[Zn+2]
0,0,0,0,0,0,0,0,0,0,,0,TOX7759,CC(C)C(C)(N)C#N
0,0,,,1,1,0,,0,1,1,1,TOX1460,C[C@H]1CCCC(=O)CCCC=Cc2cc(O)cc(O)c2C(=O)O1
0,0,0,0,1,1,0,0,0,0,1,0,TOX7756,OCc1cccc(Oc2ccccc2)c1
,,0,,,,,,,,1,1,TOX3198,CC(=O)O[C@H]1C[C@H](O[C@H]2[C@@H](O)C[C@H](O[C@H]3[C@@H](O)C[C@H](O[C@H]4CC[C@]5(C)[C@H]6C[C@@H](O)[C@]7(C)[C@@H](C8=CC(=O)OC8)CC[C@]7(O)[C@@H]6CC[C@@H]5C4)O[C@@H]3C)O[C@@H]2C)O[C@H](C)[C@H]1O[C@@H]1O[C@H](CO)[C@@H](O)[C@H](O)[C@H]1O
0,0,0,0,1,1,0,0,0,0,,0,TOX3669,Clc1ccccc1CN1CCc2sccc2C1
0,0,0,0,0,0,0,0,0,1,,0,TOX25859,CCN(CC)CCOC(=O)C(c1ccccc1)C1CCCCC1
0,0,0,0,0,0,0,0,0,0,0,0,TOX3190,CN1CCC(=C2c3ccccc3CC(=O)c3sccc32)CC1
,0,,0,0,0,0,,0,,0,0,TOX3661,Cc1cn([C@H]2C[C@H](O)[C@@H](CO)O2)c(=O)[nH]c1=O
0,0,0,0,0,0,1,0,0,,,0,TOX3660,CCN(CC)CCSC(=O)C(c1ccccc1)c1ccccc1
1,1,0,0,1,1,0,,0,0,0,0,TOX3667,C#C[C@]1(O)CC[C@H]2[C@H]3[C@H](CC[C@@]21C)C1=C(CC(=O)CC1)C[C@H]3C
0,0,0,0,0,0,0,0,0,0,0,0,TOX3194,Nc1ccn([C@H]2CS[C@@H](CO)O2)c(=O)n1
0,,,,,0,0,,0,0,,0,TOX3665,CC(C(=O)O)c1ccc(C(=O)c2ccccc2)s1
,,0,,,0,,,,,1,1,TOX3196,CC(=O)O[C@H]1C[C@H](O[C@H]2[C@@H](O)C[C@H](O[C@H]3[C@@H](O)C[C@H](OC4CC[C@]5(C)[C@H]6CC[C@]7(C)[C@@H](C8=CC(=O)OC8)CC[C@]7(O)[C@@H]6CC[C@@H]5C4)O[C@@H]3C)O[C@@H]2C)O[C@H](C)[C@H]1O[C@@H]1O[C@H](CO)[C@@H](O)[C@H](O)[C@H]1O
0,0,0,0,0,0,0,0,0,0,0,0,TOX236,CC(O)C(=O)[O-].CC(O)C(=O)[O-]
0,0,0,0,0,0,0,0,0,0,0,0,TOX235,[Ca+2].[Cl-].[Cl-]
0,0,0,0,0,0,0,1,0,0,0,0,TOX232,Cn1c(=O)c2c(ncn2C)n(C)c1=O
0,0,0,0,1,0,,1,0,1,0,,TOX233,C=C1CC[C@H](O)C/C1=C/C=C1\CCC[C@@]2(C)[C@H]1CC[C@@H]2[C@H](C)/C=C/[C@H](C)C(C)C
0,0,0,0,0,0,0,0,0,0,0,0,TOX7636,CCC(C)OC(C)CC
1,,0,0,0,0,0,0,0,0,0,0,TOX231,O=C(O)C=Cc1ccc(O)c(O)c1
0,0,0,0,0,0,0,0,0,0,0,0,TOX7639,CCCOCCOCCO
0,0,0,0,0,0,0,0,0,0,0,0,TOX238,CN(C)C(=O)COC(=O)Cc1ccc(OC(=O)c2ccc(NC(=N)N)cc2)cc1
0,0,0,,,,,,0,,1,,TOX239,CCOc1nc2cccc(C(=O)OC(C)OC(=O)OC3CCCCC3)c2n1Cc1ccc(-c2ccccc2-c2nnn[nH]2)cc1
0,0,0,0,0,0,0,0,0,0,,0,TOX9254,CC(CC(=O)O)CC(C)(C)C
0,0,0,,0,0,,1,1,1,0,1,TOX7585,c1cc(N(CC2CO2)CC2CO2)ccc1OCC1CO1
0,0,0,0,0,0,0,0,0,0,0,0,TOX21389,CC(=O)c1ccc2ccccc2c1
0,0,0,0,0,0,0,0,0,0,0,0,TOX21388,C=C(C)C(=O)OCCOC(=O)CC(C)=O
0,0,0,0,0,0,0,0,0,0,0,0,TOX9255,COC(=O)[C@H]1CC[C@H](C(=O)OC)CC1
0,0,0,0,0,0,0,0,0,0,0,0,TOX29150,CCOC(=O)C(C)(C)C
0,0,0,0,0,0,0,0,0,0,0,0,TOX29151,O=C/C=C/c1ccco1
0,,0,1,,,,1,,,,,TOX29153,CCCCCCCCCCCCCCn1cc[n+](C)c1.O=S(=O)([N-]S(=O)(=O)C(F)(F)F)C(F)(F)F
0,,,1,,,,1,,,,,TOX29154,CCCCCCCCCCCCCCCCn1cc[n+](C)c1.O=S(=O)([N-]S(=O)(=O)C(F)(F)F)C(F)(F)F
0,0,0,0,0,0,0,0,0,0,0,0,TOX7580,CCCCCCCCCCCCCCCCCl
0,0,0,0,,,0,0,0,0,0,0,TOX29157,CCCCCCCCCI
0,0,0,0,0,0,0,0,0,0,0,0,TOX29158,CCCCCCCCCCCCI
0,,0,,1,0,,0,0,0,0,0,TOX29159,CN(C)c1ccc(/C=C/c2ccc([N+](=O)[O-])cc2)cc1
0,0,0,0,0,0,0,1,0,0,0,0,TOX9251,COC(=O)/C=C\C(=O)O
0,0,0,,0,0,0,0,0,0,0,0,TOX15272,CC(C)c1ccc2cc(C(C)C)ccc2c1
0,0,0,0,,0,0,0,0,0,0,0,TOX18696,CCOC(=O)c1ccccc1
0,0,0,0,0,0,0,0,0,0,0,0,TOX5453,CC(=O)OCCC(C)C
0,0,0,0,1,0,0,,0,0,0,0,TOX5454,CC(C)CCOC(=O)C=Cc1ccccc1
0,0,0,0,0,0,0,0,0,0,0,0,TOX5903,O=c1[nH]ncc2ccccc12
0,,0,,,,,,,,,,TOX6902,CCCCCCCCCCCCCCCCCC[N+](C)(C)C
0,0,0,0,0,0,0,0,0,0,0,0,TOX6905,CCOCCOCCOC(C)=O
0,0,0,0,0,0,0,0,0,0,0,0,TOX6904,CCCCOCCOC(C)=O
0,0,0,0,0,0,0,0,0,0,0,0,TOX6906,CCCCCCCCCCCCN(C)C
0,0,0,0,0,0,0,0,0,0,0,0,TOX6908,CCCCCCOCCO
0,0,0,0,0,0,0,0,0,0,0,0,TOX9170,CC(=O)C=C(C)C
0,0,0,0,0,0,0,,0,,,0,TOX26814,CN1c2c(O)nc(N)nc2NCC1CNc1ccc(C(=O)NC(CCC(=O)[O-])C(=O)[O-])cc1
0,0,0,0,0,0,0,,0,,0,0,TOX26815,CC(C)(CO)C(O)C(=O)NCCC(=O)NCCSSCCNC(=O)CCNC(=O)C(O)C(C)(C)CO
0,0,,0,0,0,0,,0,,0,0,TOX26816,CCCCCCCCCCCCCC(=O)OCC(COP(=O)([O-])OCC[N+](C)(C)C)OC(=O)CCCCCCCCCCCCC
0,0,1,1,,0,0,0,0,0,,0,TOX26817,Clc1cccc(C(c2ccc3nc[nH]c3c2)n2ccnc2)c1
0,0,1,,,0,,1,0,0,0,1,TOX26810,Cc1ccc2nc(N)[nH]c(=O)c2c1Sc1ccncc1
0,0,0,0,0,0,0,,0,,1,0,TOX26812,CC1(C)[C@H](C=C(Cl)Cl)[C@H]1C(=O)OCc1c(F)c(F)cc(F)c1F
0,0,1,0,0,0,0,,0,,0,,TOX26813,N=C(NN=Cc1ccc(Cl)cc1)NN=Cc1ccc(Cl)cc1
0,0,0,0,1,0,0,,0,,0,0,TOX26818,CCCCC(O)c1ccccc1
0,0,0,0,0,0,0,,0,,0,0,TOX26819,CCN(CC)CCOC[C@H]1O[C@@H](O)[C@H](OCCN(CC)CC)[C@@H](O)[C@@H]1O
0,0,1,,,0,0,1,0,0,,0,TOX22121,CC#Cc1cc(C)nc(Nc2ccccc2)n1
0,,,,,1,1,1,,1,,1,TOX22129,Cl[Hg]c1ccccc1
0,0,0,0,0,0,0,0,0,0,0,0,TOX25850,C[N+](C)(C)CC(O)CC(=O)[O-]
0,,,,,1,,,,,,,TOX20413,C[C@H]1CC[C@]2(NC1)O[C@H]1C[C@H]3[C@@H]4CC[C@H]5C[C@@H](O[C@@H]6O[C@H](CO)[C@H](O[C@@H]7O[C@H](CO)[C@@H](O)[C@H](O[C@@H]8OC[C@@H](O)[C@H](O)[C@H]8O)[C@H]7O[C@@H]7O[C@H](CO)[C@@H](O)[C@H](O)[C@H]7O)[C@H](O)[C@H]6O)CC[C@]5(C)[C@H]4CC[C@]3(C)[C@H]1[C@@H]2C
0,0,0,0,0,0,0,0,0,0,0,0,TOX1062,O=NN1CCCC1
0,0,,0,0,0,,,0,,0,1,TOX28852,C[C@H]1[C@H]2Cc3ccc(O)cc3[C@]1(C)CCN2CCc1ccccc1
0,0,0,,0,0,0,0,0,0,0,0,TOX28853,CCC(=O)N(c1ccccc1)C1(COC)CCN(CCn2nnn(CC)c2=O)CC1
0,0,0,0,0,0,0,0,0,0,0,0,TOX28850,CC(C)=CCN1CC[C@@]2(C)c3cc(O)ccc3C[C@@H]1[C@@H]2C.O=C(O)CCC(=O)O
0,0,0,0,,0,0,0,0,0,0,0,TOX1792,O=Cc1ccccc1O
0,0,0,,,0,,,0,0,0,0,TOX28856,CCC(=O)N(c1ccccc1)[C@@H]1CCN(CCc2ccccc2)C[C@@H]1C
0,0,0,0,,0,,,0,,0,0,TOX28857,CCC(=O)N(c1ccccc1)[C@H]1CCN(CCc2ccccc2)C[C@@H]1C
0,0,,0,,0,,1,0,0,,0,TOX28854,CCC(=O)N(c1ccccc1)C1(COC)CCN(CCc2cccs2)CC1.O=C(O)CC(O)(CC(=O)O)C(=O)O
0,0,0,0,0,0,,0,0,0,0,0,TOX28855,CCC(=O)N(c1ccc(F)cc1)C1CCN(CCc2ccccc2)CC1
0,0,0,0,0,0,0,,0,,0,0,TOX25855,CC(=O)N[C@H]1C(O)O[C@H](CO)[C@@H](O)[C@@H]1O
0,0,0,0,0,0,0,0,0,0,,0,TOX28858,CCC(=O)N(c1ccccc1)C1CCN(C(C)Cc2ccccc2)CC1
0,0,0,0,0,0,,0,0,0,0,0,TOX28859,CCC(=O)N(c1ccccc1)C1CCN(Cc2ccccc2)CC1
0,0,0,0,0,0,0,0,0,0,0,0,TOX10197,CC(C)Br
0,,0,,1,1,,1,0,1,1,,TOX1368,C=C1C(CCl)(CCl)C2(Cl)C(Cl)C(Cl)C1(Cl)C2(Cl)Cl
0,0,0,0,1,0,0,0,0,0,0,0,TOX25857,C=CCSCC1Nc2cc(Cl)c(S(N)(=O)=O)cc2S(=O)(=O)N1
0,0,0,0,0,0,0,0,0,0,0,0,TOX1366,Cc1ccc(NC(N)=O)cc1
0,,0,1,,0,0,,0,,,0,TOX1367,CN(C)CCOc1ccc(/C(=C(/CCCl)c2ccccc2)c2ccccc2)cc1.O=C(O)CC(O)(CC(=O)O)C(=O)O
0,0,0,0,,0,0,0,0,0,0,0,TOX1360,Cc1ccccc1
0,0,1,0,1,1,0,1,0,0,1,0,TOX1361,Cc1ccc(N=C=O)cc1N=C=O
0,0,0,0,0,0,0,0,0,0,,0,TOX1362,Cc1ccccc1S(N)(=O)=O
0,0,0,0,0,0,0,0,0,0,0,0,TOX18795,C[SiH](O[Si](C)(C)C)O[Si](C)(C)C
0,0,0,0,0,0,0,0,0,0,0,0,TOX18798,CCOc1ccccc1OCC
0,0,0,0,0,0,0,0,0,0,0,0,TOX692,C1N2CN3CN1CN(C2)C3
0,0,0,0,0,0,0,0,0,0,,0,TOX17508,Cc1cc(Cl)ccc1N=CN(C)C
0,0,0,0,0,0,0,0,0,0,,0,TOX9283,[SbH6+3]
0,0,0,0,0,0,0,0,0,0,0,0,TOX1109,O=[N+]([O-])OCC(CO[N+](=O)[O-])(CO[N+](=O)[O-])CO[N+](=O)[O-]
0,0,0,0,0,0,0,0,0,0,0,0,TOX9281,CCCCCCCCCCCc1ccccc1
0,0,1,,0,0,0,,0,0,0,0,TOX9280,Cn1c(N)c(N=O)c(=O)n(C)c1=O
0,0,0,0,0,0,0,0,0,0,0,0,TOX9287,C[N+]1([O-])CCOCC1
0,0,1,0,0,0,0,0,0,0,1,0,TOX1100,CCOP(=S)(OCC)Oc1ccc([N+](=O)[O-])cc1
0,0,,,0,0,0,0,0,,,0,TOX25854,CC(Cc1cccc(C(F)(F)F)c1)NCCOC(=O)c1ccccc1
0,0,0,0,0,0,0,0,0,0,0,0,TOX1102,CC1(C)S[C@@H]2[C@H](NC(=O)COc3ccccc3)C(=O)N2[C@H]1C(=O)[O-]
0,0,0,0,0,0,0,0,0,0,,0,TOX1103,COc1c(Cl)c(Cl)c(Cl)c(Cl)c1Cl
0,0,0,0,0,0,0,0,0,0,0,0,TOX1104,ClC(Cl)C(Cl)(Cl)Cl
0,0,0,0,0,0,0,1,0,0,,0,TOX1105,O=[N+]([O-])c1c(Cl)c(Cl)c(Cl)c(Cl)c1Cl
0,0,0,0,0,0,0,0,0,0,0,0,TOX4466,Nc1ccc(C(=O)O)cc1
0,0,1,,0,0,0,0,0,0,0,0,TOX4467,Nc1nc2ccccc2s1
0,0,0,0,0,0,0,,0,,0,0,TOX28813,COc1ccc(OC)c(C[C@H](C)N)c1
0,0,0,0,1,0,0,1,0,0,1,0,TOX699,CCCCCCc1ccc(O)cc1O
0,0,0,0,0,0,0,,0,0,0,0,TOX17649,CC(=O)N(O)CCCCCNC(=O)CCC(=O)N(O)CCCCCNC(=O)CCC(=O)N(O)CCCCCN
0,0,0,0,1,0,0,0,0,0,0,0,TOX3853,O=C([O-])c1cc(Oc2ccc(C(F)(F)F)cc2Cl)ccc1[N+](=O)[O-]
0,0,,0,0,0,0,,0,0,,0,TOX24719,CCCOC(=O)c1c(Cl)c(Cl)c(Cl)c(Cl)c1C(=O)OCCC
0,0,1,,0,0,0,,0,0,,0,TOX24718,COc1ccc(/N=N/c2cc(C)c(/N=N/c3ccc(S(=O)(=O)[O-])cc3)cc2OC)cc1
0,0,0,0,0,0,0,0,0,0,0,0,TOX24715,CC1(C)Cc2cccc(N)c2O1
0,0,0,0,0,0,0,0,0,0,0,0,TOX24714,NC(=O)CC[C@H](Nc1ccc([N+](=O)[O-])cc1)C(=O)O
0,0,0,0,0,0,0,0,0,0,0,0,TOX24241,CCCCC(C)C(=O)O
0,0,0,0,0,0,0,0,0,0,,0,TOX24716,O=C1CCCN1C1CCCCC1
0,0,0,0,0,0,0,,0,,0,0,TOX24710,Cc1ccc(Cl)c(N)c1Cl
0,0,,0,0,0,0,0,0,0,0,0,TOX24713,Nc1ccc2cc(S(=O)(=O)[O-])cc(O)c2c1/N=N/c1ccccc1C(F)(F)F
0,0,0,0,0,0,0,0,0,0,0,0,TOX24712,COCc1ccc(COC)cc1
0,0,0,0,0,0,0,0,0,0,0,0,TOX4507,Nc1cc(C(=O)O)c(O)c(S(=O)(=O)O)c1
0,0,,0,0,0,0,0,0,0,1,0,TOX27591,C=CCCC(=O)/C=C/C1C(C)=CCCC1(C)C
0,0,0,0,0,0,0,0,0,0,0,0,TOX23941,O=CN1CCCCC1
0,0,0,0,0,0,0,0,0,0,1,0,TOX13334,C[C@@H]1CC2(OC3C[C@@]4(C)C5=CC[C@H]6C(C)(C)C(O[C@@H]7OC[C@@H](O)[C@H](O)[C@H]7O)CC[C@@]67C[C@@]57CC[C@]4(C)C31)OC(O)C1(C)OC21
0,0,0,0,0,0,0,,0,0,0,0,TOX13332,O=C(/C=C/c1ccc(O)c(O)c1)O[C@@H](C(=O)O)[C@@H](OC(=O)/C=C/c1ccc(O)c(O)c1)C(=O)O
0,,0,,,0,1,1,,,1,,TOX28144,CC(C)(C)c1csc(-c2cc3cc(OCc4ccccc4CC(=O)O)ccc3o2)n1
0,0,0,,0,0,0,0,0,,1,,TOX28145,Cc1ccc2oc(CN(Cc3ccccc3)C(=O)Nc3c(F)cc(F)cc3F)c(-c3ccc(Cl)cc3)c2c1
0,0,1,0,,0,0,1,0,0,,0,TOX28146,O=C1c2ccccc2C(=O)N1CCc1noc(-c2ccc(CN3CCCCCC3)s2)n1
0,,0,,,0,,,0,0,0,1,TOX28140,COc1cc(C=O)cc2c1[C@H](COC(N)=O)[C@]1(OC(C)=O)ON2C[C@H]2[C@@H]1N2C(C)=O
0,0,0,0,0,0,0,,0,,,0,TOX28143,Cc1[nH]cnc1C[C@H]1CCc2c(C)c3ccccc3n2C1=O
0,0,1,1,,0,,,0,0,1,0,TOX28148,Cc1oc2c(NC(=O)c3c(Cl)cccc3Cl)cccc2c1C(C)(C)O
0,0,0,0,0,0,0,0,0,0,0,0,TOX28149,COc1ccc(-n2nc(C(F)F)cc2-c2ccc(S(C)=O)cc2)cc1
0,1,0,0,0,0,0,0,0,0,0,0,TOX6342,OCCc1ccccc1
0,0,0,0,0,0,0,0,0,0,0,0,TOX5337,NC=O
0,0,0,0,0,0,0,0,0,0,0,0,TOX2455,COC(=O)c1ccccc1C(=O)OC
0,0,0,0,0,0,0,0,0,0,0,0,TOX5332,NC(Cc1ccc(F)cc1)C(=O)O
0,,1,0,,0,,,,0,1,0,TOX5331,O=[N+]([O-])c1ccc(F)c([N+](=O)[O-])c1
0,0,0,0,0,0,0,0,0,0,0,0,TOX5330,O=C(Cl)c1ccccc1F
0,0,0,0,0,0,0,0,0,0,0,0,TOX2109,CCCCCCC1CCC(=O)O1
0,0,0,0,0,0,0,0,0,0,0,0,TOX5338,O=CNc1ccccc1
1,1,0,,1,1,0,1,0,0,0,,TOX3276,C[C@]12C=CC(=O)C=C1CC[C@@H]1[C@@H]2CC[C@@]2(C)[C@H]1CC[C@]2(C)O
0,0,0,0,0,0,0,0,0,0,0,,TOX3277,CC[N+](C)(CC)CCOC(=O)C1c2ccccc2Oc2ccccc21
0,0,0,0,0,0,0,0,0,0,0,0,TOX3271,CC(=O)OC(C)C[N+](C)(C)C
0,0,0,0,1,0,0,,0,,0,0,TOX3279,Cc1ccccc1-n1c(C)nc2ccccc2c1=O
0,0,0,0,0,0,0,0,0,0,0,0,TOX12688,CC(C)=CC1C(C(=O)OCc2cccc(Oc3ccccc3)c2)C1(C)C
0,0,0,1,,,0,,0,,0,0,TOX12683,COC(=O)/C=C(\C)OP(=O)(OC)OC
0,0,0,0,0,0,0,0,0,0,,0,TOX27059,CCCC(=O)c1ccccc1
0,0,0,0,1,0,0,0,0,0,0,0,TOX4888,O=P1(N(CCCl)CCCl)NCCCO1
0,0,0,1,,0,,,,0,,1,TOX4882,C[C@H]1C[C@H](C)C(=O)[C@H]([C@H](O)CC2CC(=O)NC(=O)C2)C1
0,0,0,0,0,0,0,1,0,0,0,0,TOX17582,CCS(=O)(=O)CCSP(=O)(OC)OC
0,0,0,0,,0,0,,0,0,0,0,TOX4880,C1CCC2OC2C1
0,0,0,0,0,0,0,0,0,0,0,0,TOX4881,O=C1C=CCCC1
,0,0,,,0,0,0,0,0,0,0,TOX4886,C1CCCC1
0,0,0,0,0,0,0,0,0,0,,0,TOX4887,c1cc2c3c(c1)ccc1cccc(c13)C2
0,0,0,,,0,0,0,0,0,1,0,TOX4885,Cc1ccc(S(=O)(=O)NC2CCCCC2)cc1
0,0,0,,0,0,0,0,0,0,0,0,TOX9604,N#Cc1ccccc1C#N
0,0,0,0,0,0,0,,0,0,0,0,TOX27053,CC1=CC[C@H](C(C)C)C=C1
0,0,0,0,0,0,0,0,0,0,0,0,TOX6739,O=C(Cl)OCCOCCOC(=O)Cl
0,0,0,0,0,0,0,0,0,0,0,0,TOX15481,CC(=O)CCc1ccc(OC(C)=O)cc1
0,0,0,0,0,0,0,0,0,0,0,0,TOX29369,O=c1c(O)c(O)c1=O
0,0,0,0,0,0,0,0,0,0,0,0,TOX11903,O=C(O)c1ccccn1
0,0,0,,0,0,0,0,0,0,0,0,TOX29363,CC1=Nc2ccccc2C1(C)C
0,0,0,1,,0,0,0,0,0,1,0,TOX26665,COC(=O)C1=C(C)NC(C)=C(C(=O)OC(C)(C)CN(C)CCC(c2ccccc2)c2ccccc2)C1c1cccc([N+](=O)[O-])c1
0,0,0,0,0,0,0,0,0,0,0,0,TOX26664,Nc1cccc2c1CN(C1CCC(=O)NC1=O)C2=O
0,0,1,0,1,0,0,,0,0,,0,TOX26663,CCCCN(CCCC)CC(O)c1cc(Cl)cc2c1-c1ccc(Cl)cc1/C2=C/c1ccc(Cl)cc1
0,0,0,0,0,0,,0,0,0,,0,TOX26662,COc1cccc(CCc2ccccc2OCC(CN(C)C)OC(=O)CCC(=O)O)c1
0,0,1,0,0,0,0,0,0,0,0,0,TOX29365,COc1nc(N)nc2nc[nH]c12
0,0,0,0,0,0,0,,0,,0,0,TOX26660,Nc1nc(=O)c2c(CCc3ccc(C(=O)N[C@@H](CCC(=O)[O-])C(=O)[O-])cc3)c[nH]c2[nH]1
0,,,,,0,,,,0,,0,TOX20979,Cc1nc(Nc2ncc(C(=O)Nc3c(C)cccc3Cl)s2)cc(N2CCN(CCO)CC2)n1
0,0,1,1,0,0,0,,0,0,,0,TOX4266,CCN(CC)c1nc(C)cc(OP(=S)(OC)OC)n1
0,0,0,0,0,0,0,0,0,0,0,0,TOX4263,O=P(O)(O)O
0,0,0,0,0,0,0,0,0,0,0,0,TOX4261,COP(=S)(OC)SCN1C(=O)c2ccccc2C1=O
0,0,0,0,0,0,0,0,0,0,0,0,TOX9600,C=C(C)C(N)=O
0,0,0,0,0,0,0,0,0,0,,0,TOX26483,CC1CCc2c(N3CCC(O)CC3)c(F)cc3c(=O)c(C(=O)O)cn1c23
0,0,0,0,0,0,,0,0,0,0,1,TOX26482,Cc1nc2ccc(CN(C)c3ccc(C(=O)N[C@@H](CCC(=O)O)C(=O)O)s3)cc2c(=O)[nH]1
0,0,0,1,0,0,0,1,0,1,0,1,TOX26481,COc1ccc(-c2ccc3cc(C(=O)O)ccc3c2)cc1C12CC3CC(CC(C3)C1)C2
1,1,0,,1,1,0,0,0,0,,0,TOX26480,Cc1oc(=O)oc1CN1CCN(c2cc3c(cc2F)c(=O)c(C(=O)O)c2n3C(C)S2)CC1
,,,,,,,1,,0,,,TOX26487,CC(C)(C)C(=O)OCOP(=O)(COCCn1cnc2c(N)ncnc21)OCOC(=O)C(C)(C)C
0,0,0,0,0,0,0,0,0,0,,0,TOX26486,CN(C)CC/C=C1/c2ccccc2COc2ccc(CC(=O)O)cc21
0,0,,0,0,0,0,0,0,0,0,0,TOX26485,C[C@@H](c1ncncc1F)[C@](O)(Cn1cncn1)c1ccc(F)cc1F
0,0,0,0,0,0,0,0,0,0,0,0,TOX26484,C[N+]1(CCC(C(N)=O)(c2ccccc2)c2ccccc2)CCCCC1
0,0,0,0,1,0,0,,0,,0,0,TOX26489,CC(=O)NC[C@H]1CN(c2ccc(N3CCOCC3)c(F)c2)C(=O)O1
1,,0,1,1,,,,0,0,,0,TOX26488,COCc1c(C(C)C)nc(C(C)C)c(/C=C/[C@@H](O)C[C@@H](O)CC(=O)[O-])c1-c1ccc(F)cc1
0,0,0,0,0,0,0,,0,0,0,0,TOX10760,CC[C@H]1OC(=O)[C@H](C)[C@@H](O[C@H]2C[C@@](C)(OC)[C@@H](O)[C@H](C)O2)[C@H](C)[C@@H](O[C@@H]2O[C@H](C)C[C@H](N(C)C)[C@H]2O)[C@](C)(O)C[C@@H](C)CN(C)[C@H](C)[C@@H](O)[C@]1(C)O
0,0,0,0,0,0,0,0,0,0,,0,TOX3137,OCCOCCN1CCN(C(c2ccccc2)c2ccc(Cl)cc2)CC1
0,0,0,0,0,0,0,0,0,0,0,0,TOX27533,CCCCCCCCOC(=O)c1ccc(C(=O)OCCCCCCCC)c(C(=O)OCCCCCCCC)c1
0,0,0,0,0,0,0,0,0,0,0,0,TOX27535,CCCCCCOC(=O)CC(CC(=O)OCCCCCC)(OC(=O)CCC)C(=O)OCCCCCC
0,,0,,,,0,,0,,0,,TOX27288,CN(C[C@@H](CC[N+]12CCC(C3CCCCC3)(CC1)CC2)c1ccc(Cl)c(Cl)c1)C(=O)c1cc(C(F)(F)F)cc(C(F)(F)F)c1
0,0,0,0,0,0,,0,0,0,,0,TOX27289,CCCOc1ccc(S(=O)(=O)N2CCN(CC)CC2)cc1-c1nc2c(CC)n(Cc3ccccn3)nc2c(=O)[nH]1
0,0,0,0,0,0,0,,0,0,0,0,TOX27286,COCCOC[C@H](CC1(C(=O)N[C@H]2CC[C@@H](C(=O)O)CC2)CCCC1)C(=O)Oc1ccc2c(c1)CCC2
0,0,0,0,,0,0,0,0,0,0,0,TOX27287,COCc1nnc(-c2ccc[n+]([O-])c2)n1-c1c(Cl)c(Cl)cc2[nH]c(=O)c(=O)[nH]c12
0,0,0,0,0,0,0,0,0,0,,0,TOX27284,O=C(N[C@H]1CN2CCC1CC2)c1cc2ccoc2cn1
1,1,0,0,0,0,0,0,0,0,0,0,TOX4676,C=CC(=O)OCCCC
0,0,0,0,0,0,0,0,0,0,0,0,TOX27282,C[C@@H](Oc1ccc(CNC(=O)c2cccnc2Oc2ccc3c(c2)OCO3)c(F)c1)C(=O)O
0,0,0,0,0,0,0,0,0,0,0,0,TOX4670,O=C(O)CC(C(=O)O)C(CC(=O)O)C(=O)O
0,0,0,,,0,0,,0,0,,,TOX27280,CNCc1cc(F)ccc1Oc1ccc(Cl)c(Cl)c1
0,0,,0,,0,0,0,0,0,0,0,TOX27281,CC(C)(O)c1ccc(CNC(=O)c2cccnc2Oc2ccc3nonc3c2)cc1
,,,,,,,,,0,,,TOX31414,CC(C)=CCC/C(C)=C/CC/C(C)=C/C(=O)OCC(=O)[C@@]1(O)CC[C@H]2[C@@H]3CCC4=CC(=O)C=C[C@]4(C)[C@H]3[C@@H](O)C[C@@]21C
,,,,,,,0,,0,,,TOX31415,CC(C)C[C@@H]1[C@H](c2ccccc2)OC(=O)N1CCCN1CCCCCC1
,,,,,,,,,0,,,TOX31416,CN(C)[C@@H](CCOc1cccc2ccccc12)c1ccccc1
,,,,,,,0,,,,,TOX31417,CCCCN(CCN(CCCC)C(=O)N1CCOCC1)C(=O)N1CCOCC1
,,,,,,,0,,0,,,TOX31410,CC1Sc2c(C(=O)O)c(=O)c3cc(F)c(N4CCNCC4)cc3n21
,,,,,,,,,0,,,TOX31411,CCC(CN)=C(c1ccccc1)c1ccccc1
,,,,,,,0,,0,,,TOX31412,Cc1ccc(-c2ccccc2C#N)cc1
,,,,,,,0,,0,,,TOX31413,COCCc1ccccn1
,,,,,,,,,0,,,TOX31418,CC(=O)N[C@@H](CO)C(=O)N[C@@H](CC(=O)O)C(=O)N[C@@H](CCCCN)C(=O)N1CCC[C@H]1C(=O)O
,,,,,,,0,,,,,TOX31419,CS(=O)(=O)c1ccc(-c2cn3ccccc3n2)cc1
0,0,0,,0,,1,,1,,,1,TOX20625,C=C(NC(=O)C(=C)NC(=O)c1csc(C2=NC3c4csc(n4)C4NC(=O)c5csc(n5)C(C(C)(O)C(C)O)NC(=O)C5CSC(=N5)/C(=C\C)NC(=O)C(C(C)O)NC(=O)c5csc(n5)C3(CC2)NC(=O)C(C)NC(=O)C(=C)NC(=O)C(C)NC(=O)C(C(C)CC)NC2C=Cc3c(C(C)O)cc(nc3C2O)C(=O)OC4C)n1)C(N)=O
0,0,0,0,0,0,0,0,0,0,0,0,TOX21626,Cc1ccc(C=O)cc1C
0,0,0,0,0,0,0,0,0,0,0,0,TOX21627,CC(C)NC(=O)c1ccccc1N
0,0,0,0,0,0,0,0,0,0,0,0,TOX21625,O=C(O)CONC(=O)c1ccccc1
0,,0,,0,0,0,0,0,,,0,TOX21622,CCOC(=O)CCN(SN(C)C(=O)Oc1cccc2c1OC(C)(C)C2)C(C)C
0,0,1,,0,0,0,1,0,0,,0,TOX21623,O=C(Nc1ccccc1)c1ccccc1I
0,0,1,,0,0,0,0,0,0,0,0,TOX21621,CCOC(=O)Cn1c(=O)sc2cccc(Cl)c21
0,0,0,,1,1,,1,0,0,,0,TOX21977,CC(C)OC(=O)C(C)N(C(=O)c1ccccc1)c1ccc(F)c(Cl)c1
0,0,0,,,0,0,0,0,0,,0,TOX21973,O=S(=O)(Oc1ccc(Cl)cc1)c1ccccc1
0,0,0,0,0,0,0,0,0,0,0,0,TOX21970,CC12CCC(C1)C(C)(C)C2O
0,0,0,0,0,0,0,0,0,0,,0,TOX24973,CCCCC(CC)C(=O)OC(C)C
0,0,0,0,,0,1,1,0,,,,TOX21978,O=C(NC(=O)c1c(F)cccc1F)Nc1ccc(Oc2ccc(C(F)(F)F)cc2Cl)cc1F
0,0,0,,0,0,0,0,0,0,0,0,TOX27754,COc1cc(C(=O)NCc2ccc(OCCN(C)C)cc2)cc(OC)c1OC
,,,,,,,0,,0,,,TOX27755,N=C(N)N1CCc2ccccc2C1.N=C(N)N1CCc2ccccc2C1
0,0,0,0,0,0,0,0,0,0,0,0,TOX27756,CC(C)NC(=N)NC(=N)Nc1ccc(Cl)cc1
0,0,,,0,0,0,1,0,0,,0,TOX27757,CCCCOc1ccc(OCCCN2CCOCC2)cc1
0,0,0,0,,0,0,0,0,0,,0,TOX27752,CN1CCC(OC(c2ccccc2)c2ccccc2)CC1
0,0,0,0,0,0,0,0,0,0,0,0,TOX27753,CN1CCN(C(c2ccccc2)c2ccccc2)CC1
0,0,0,0,0,0,0,0,0,0,0,0,TOX24975,CC(O)CN(CCCN(C)C)CCCN(C)C
0,0,0,0,0,0,0,,0,,,1,TOX27758,CN(C)CC/C=C1/c2ccccc2CSc2ccccc21
0,0,,0,,0,0,,0,0,,,TOX27759,CCOc1ccc(Cc2nccc3cc(OCC)c(OCC)cc23)cc1OCC
0,0,0,0,0,0,0,0,0,0,0,0,TOX24974,CN(C)CCCNCCCN(C)C
0,0,0,0,0,0,0,0,0,0,0,0,TOX7153,Fc1ccc(Br)cc1
0,0,0,0,0,0,0,0,0,0,0,0,TOX9616,c1c[nH]cn1
0,0,0,0,0,0,0,0,0,0,0,0,TOX9617,O=C([O-])[C@H](O)[C@@H](O)[C@H](O)[C@H](O)CO
0,0,0,0,0,0,0,0,0,0,0,0,TOX6130,CCC[N+](CCC)(CCC)CCC
0,0,0,0,0,0,0,0,0,0,0,0,TOX9611,O=C(OCCOCCOCCOC(=O)c1ccccc1)c1ccccc1
1,0,0,0,0,0,0,0,0,0,0,0,TOX9612,C=C(C)C1CC=C(C)CC1
,,,,,,,0,,0,,,TOX2738,NC(CSCC(=O)O)C(=O)O
0,0,0,0,0,0,0,,0,,0,0,TOX2732,CN1C2=CC(=O)C(=NNC(N)=O)C=C2CC1S(=O)(=O)[O-]
0,0,0,0,0,0,,0,0,0,0,0,TOX2730,C[N+](C)(C)CCOC(N)=O
1,1,0,0,0,0,0,0,0,0,0,0,TOX2731,NC(=O)N1c2ccccc2C=Cc2ccccc21
0,0,0,0,0,0,0,0,0,0,0,0,TOX2736,CCOC(=O)n1ccn(C)c1=S
0,0,1,0,0,0,0,,0,0,1,0,TOX5101,CN(C)c1cccc(O)c1
0,0,0,0,0,0,0,0,0,0,,0,TOX2734,CCN(CC)CCOCCOC(=O)C1(c2ccccc2)CCCC1
0,0,0,0,0,0,0,,0,,0,0,TOX25679,COc1ccc(C[C@H](C)NC[C@@H](O)c2ccc(O)c(NC=O)c2)cc1.COc1ccc(C[C@H](C)NC[C@@H](O)c2ccc(O)c(NC=O)c2)cc1
0,0,,1,,0,,,,,,1,TOX25678,COC(=O)C[C@](O)(CCCC(C)(C)O)C(=O)O[C@@H]1C(OC)=CC23CCCN2CCc2cc4c(cc2[C@H]13)OCO4
0,0,0,0,0,0,0,0,0,0,0,0,TOX1648,CC(=O)CCC(=O)O
0,0,0,0,1,0,0,0,0,0,0,0,TOX1182,O=C(C1CCCCC1)N1CC(=O)N2CCc3ccccc3C2C1
0,0,0,0,0,0,0,0,0,0,0,0,TOX1643,CCCCCCCC=O
0,0,0,0,1,1,0,0,0,0,0,0,TOX1642,CCCCCCCCCCCCCCCCCC(=O)O
0,0,0,0,0,0,0,0,0,0,0,0,TOX1641,CCCCCCCCC(=O)O
0,0,0,0,1,1,0,0,0,0,0,0,TOX1640,O=C(O)CCCCCCCC(=O)O
0,0,0,0,0,0,0,,0,0,0,0,TOX1647,CCCC(=O)C(=O)O
0,0,0,0,0,0,0,,0,0,0,0,TOX1646,O=C(O)CC(=O)C(=O)O
0,0,0,0,0,0,0,0,0,0,0,0,TOX1645,CCCCCCCC(=O)O
0,0,0,1,0,0,0,0,0,0,0,0,TOX25676,Cl/C(=C\n1cncn1)c1ccc(Cl)cc1Cl
1,,1,,,,0,1,1,0,,0,TOX2595,CC(C)c1ccc2oc3nc(N)c(C(=O)O)cc3c(=O)c2c1
1,0,0,,0,0,0,0,0,0,0,0,TOX2593,CC(=O)Nc1ccc(/C=N/NC(N)=S)cc1
0,0,0,0,0,0,0,0,0,0,0,0,TOX2590,Nc1ccc(C(=O)NCC(=O)O)cc1
0,0,0,1,0,,0,0,0,,,,TOX2598,Clc1ccc2c(c1)C(N1CCNCC1)=Nc1ccccc1O2
,,,,,,,1,,0,,,TOX26468,CCOC(=O)O[C@]1(C(=O)OCCl)CC[C@H]2[C@@H]3CCC4=CC(=O)C=C[C@]4(C)[C@H]3[C@@H](O)C[C@@]21C
0,0,0,0,0,0,0,0,0,0,0,0,TOX14503,CCCCOC(=O)[C@@H](C)Oc1ccc(Oc2ccc(C#N)cc2F)cc1
0,0,0,0,0,0,0,0,0,0,0,0,TOX923,Cc1cccc(C)c1NC(=O)CN1CCCC1=O
0,0,1,0,0,0,0,,0,0,0,0,TOX920,Nc1cccc2ccccc12
0,0,1,,0,0,0,0,0,0,0,0,TOX921,Nc1ccc2ccccc2c1
0,0,0,0,,0,0,0,0,0,0,0,TOX927,CCCCN(CCCC)C(=S)S[Ni]SC(=S)N(CCCC)CCCC
0,0,0,0,0,0,0,0,0,0,,0,TOX928,[Ni+2]
0,0,0,0,0,0,0,0,0,0,0,0,TOX929,NC(=O)c1cccnc1
0,0,,0,1,0,0,,0,,0,0,TOX28629,CCCCCCCCCCCCCCCC(=O)OC[C@@H](COP(=O)([O-])OCC[N+](C)(C)C)OC(=O)CCCCCCCCCCCCCCC
0,,,,,,,,1,,1,,TOX28626,CCN(CC)c1ccc(C(=C2C=CC(=[N+](CC)CC)C=C2)c2ccccc2)cc1
1,0,1,,1,0,0,,1,0,,0,TOX28621,c1ccc(CCNc2nc(-c3ccccc3)cs2)cc1
0,0,0,0,0,0,0,0,0,0,0,0,TOX28620,Nc1nnnn1-c1ccccc1
1,0,0,,0,0,0,,0,,0,0,TOX28623,CCCCCCCCCCCCCCCCCC(=O)O[AlH3](O)O
0,0,0,0,0,0,0,0,0,0,0,0,TOX28622,CCOc1ccc(NS(=O)(=O)c2ccc(N)cc2)nn1
0,0,0,0,0,0,0,0,0,0,,0,TOX25909,CN1CCCN=C1COC(=O)C(O)(c1ccccc1)C1CCCCC1
0,0,0,0,0,0,0,0,0,0,0,0,TOX25459,CC(C)(C)C(=O)OCOC(=O)[C@@H]1N2C(=O)[C@@H](NC(=O)[C@H](N)c3ccccc3)[C@H]2SC1(C)C
0,0,0,0,0,0,0,0,0,0,0,0,TOX2984,CCn1cc(C(=O)O)c(=O)c2cc(F)c(N3CCNCC3)nc21
0,0,0,0,0,0,0,,0,,,0,TOX25903,CO[C@H]1C[C@H](O[C@@H]2C(C)=CC[C@@H]3C[C@@H](C[C@]4(CC[C@H](C)[C@@H](C5CCCCC5)O4)O3)OC(=O)[C@@H]3C=C(C)/C(=N/O)[C@H]4OCC(=CC=C[C@@H]2C)[C@@]34O)O[C@@H](C)[C@@H]1O
0,0,0,0,0,0,1,,0,,,,TOX25902,CC[C@@H](C(=O)[C@@H](C)[C@@H](O)[C@H](C)[C@@H]1O[C@@H]([C@@H](CC)C(=O)[O-])CC[C@@H]1C)[C@H]1O[C@]2(C=C[C@@H](O)[C@]3(CC[C@@](C)([C@H]4CC[C@](O)(CC)[C@H](C)O4)O3)O2)[C@H](C)C[C@@H]1C
0,0,0,0,0,0,0,0,0,0,0,0,TOX25901,CC(=O)Oc1cccc(O)c1
0,0,0,0,0,0,0,,0,,1,0,TOX25900,CNc1ccc(C(=O)CC(O)CCC(C)C2OC(=O)CC(O)CC(=O)CC(O)CC(O)CC(O)CC(O)CC3(O)CC(O)C(C(=O)OC)C(CC(O[C@@H]4O[C@H](C)[C@@H](O)[C@H](N)[C@@H]4O)C=CC=CC=CC=CC=CC=CC=CC2C)O3)cc1
1,1,1,,0,0,0,,0,0,1,0,TOX25907,CCC(=O)O[C@]1(C(=O)CCl)[C@@H](C)C[C@H]2[C@@H]3CCC4=CC(=O)C=C[C@]4(C)[C@@]3(F)[C@@H](O)C[C@@]21C
0,0,0,0,0,0,0,0,0,0,0,0,TOX25906,Cc1c(NC(C)C)c(=O)n(-c2ccccc2)n1C
0,0,0,0,0,0,0,,0,,0,0,TOX25453,CC(C)(C)C(=O)OCOC(=O)[C@@H]1N2C(=O)[C@@H](N=CN3CCCCCC3)[C@H]2SC1(C)C
0,0,,,1,0,0,,0,,0,0,TOX25904,COc1ccc2cc([C@H](C)CO)ccc2c1
0,0,0,0,0,0,0,,0,,0,0,TOX24648,CO[Si](CCCNc1ccccc1)(OC)OC
0,0,0,0,0,0,0,0,0,0,0,0,TOX24647,C#CCN(C)Cc1ccccc1
0,0,0,0,,0,0,0,0,0,0,0,TOX3460,CN1C(=O)CC(c2ccccc2)C1=O
0,0,0,,,0,0,,0,,0,0,TOX3463,NC(Cc1ccccc1)C(=O)O
0,0,0,0,,0,0,,0,0,,,TOX3462,Cc1ccc(N(CC2=NCCN2)c2cccc(O)c2)cc1
0,0,0,0,0,0,0,0,0,0,0,0,TOX1917,CCCCCC
0,0,0,0,0,0,0,0,0,1,0,0,TOX1916,CCCCCC(C)=O
0,0,0,0,,0,0,0,0,0,0,0,TOX1915,CCOC(=O)CCCCCCCCC(=O)OCC
0,0,0,0,0,0,0,0,0,0,0,0,TOX1914,CC(=O)CCC(C)C
0,0,0,,0,0,0,0,0,0,0,0,TOX24646,CC1(C)COP(Oc2ccccc2)OC1
0,0,0,0,0,0,0,1,0,0,0,0,TOX7774,O=C([O-])CN(CCN(CC(=O)[O-])CC(=O)[O-])CC(=O)[O-].[Fe+3]
0,0,,,,0,,,0,,1,,TOX7771,CCCCCCC(C)Nc1ccc(Nc2ccccc2)cc1
0,0,0,0,0,0,0,0,0,1,0,0,TOX7770,C=CC(=O)NC(C)(C)CS(=O)(=O)O
0,,,,,1,,1,1,,1,,TOX7773,C=CC(=O)OCC(CC)(COC(=O)C=C)COC(=O)C=C
0,0,0,0,,0,0,0,0,0,0,0,TOX7772,CC(CN)CCCN
0,0,0,0,0,0,0,0,0,0,,0,TOX3645,CN(C)[C@@H]1C(O)=C(C(N)=O)C(=O)[C@@]2(O)C(O)=C3C(=O)c4c(O)cccc4[C@@](C)(O)[C@H]3C[C@@H]12
1,0,0,,1,1,0,,0,,0,0,TOX3644,C[C@]12CC[C@H]3[C@@H](CCC4=CC(=O)C=C[C@@]43C)[C@@H]1CCC(=O)O2
0,0,0,0,0,0,0,,0,0,0,0,TOX3640,CN(C/C=C/C#CC(C)(C)C)Cc1cccc2ccccc12
0,0,0,0,0,0,0,,0,,0,0,TOX3643,CC1(O)CCC(C(C)(C)O)CC1
0,0,0,0,0,0,0,,0,,,,TOX3642,CC(C)(C)c1ccc(C(O)CCCN2CCC(C(O)(c3ccccc3)c3ccccc3)CC2)cc1
0,0,0,0,0,0,0,0,0,0,0,0,TOX24502,OCCOc1cccc(OCCO)c1
0,0,1,0,0,0,0,1,1,0,1,0,TOX24503,O=C1c2ccccc2C(=O)C1c1nc2ccccc2c(Br)c1O
0,,0,,0,,,,1,1,0,,TOX24504,O=[N+]([O-])O[Cd]O[N+](=O)[O-]
0,0,0,0,0,0,0,0,0,0,0,0,TOX24506,CC(=O)OCCc1ccccc1
0,0,0,,0,0,,0,0,0,,0,TOX25029,CNCCCC12CCC(c3ccccc31)c1ccccc12
0,0,0,0,0,0,0,0,0,0,0,0,TOX24644,CC(C)N1C(=O)c2ccccc2C1=O
0,0,0,0,0,0,0,0,0,0,0,0,TOX210,CCCCN(CCCCO)N=O
0,0,0,,,0,0,1,0,0,1,0,TOX211,CC(C)(C)c1cc(CO)cc(C(C)(C)C)c1O
0,0,0,,0,0,0,0,0,,,,TOX212,Cc1ccc(O)c(C(C)(C)C)c1
0,0,0,,,0,0,,0,1,0,1,TOX213,CCCCN(N=O)C(=N)N[N+](=O)[O-]
0,0,0,0,0,0,0,0,0,0,1,0,TOX215,COc1ccc(O)c(C(C)(C)C)c1
0,0,0,0,0,0,0,0,0,0,1,0,TOX216,Cc1cc(C(C)(C)C)c(O)c(C(C)(C)C)c1
0,0,0,0,0,0,0,0,0,,0,0,TOX7617,COC(=O)C1CC(=O)C(C(=O)OC)CC1=O
0,0,0,0,0,0,0,0,0,0,0,0,TOX7615,CC(Cl)COP(=O)(OCC(C)Cl)OCC(C)Cl
0,0,0,0,0,0,0,0,0,0,0,0,TOX21363,O=C(O)Cc1ccc(Cl)cc1Cl
0,0,0,0,0,0,0,0,0,0,0,0,TOX21362,OCc1ccc(Cl)cc1Cl
0,0,,1,0,0,0,1,0,0,0,0,TOX21361,Nc1c(Cl)cc(Cl)cc1[N+](=O)[O-]
0,,0,,,1,,,0,1,1,,TOX21367,N#CSc1ccc([N+](=O)[O-])cc1[N+](=O)[O-]
0,0,0,0,0,0,0,0,0,0,0,0,TOX21366,COc1ccc([N+](=O)[O-])cc1[N+](=O)[O-]
0,0,0,0,0,0,0,0,0,0,0,0,TOX24643,C[N+](C)(C)CC1CO1
0,0,0,0,0,0,0,0,0,0,0,0,TOX21368,CCC1(C)NC(=O)NC1=O
0,0,0,,,0,0,0,0,0,,,TOX29288,CCCCCCCCN1C=CN(C)C1
0,0,0,0,0,0,0,0,0,0,,0,TOX29285,CCC[N+]1(C)CCCCC1.O=S(=O)([N-]S(=O)(=O)C(F)(F)F)C(F)(F)F
0,0,0,0,0,0,0,0,0,0,0,0,TOX29286,CCOC(=O)C(Cl)C(C)=O
0,0,1,0,0,0,0,,0,0,1,,TOX29287,O=C1Nc2ccc([N+](=O)[O-])cc2C1=O
0,0,0,0,0,0,0,0,0,0,0,0,TOX29280,O=c1[nH]c2ccccc2o1
0,0,0,0,0,0,0,0,0,0,0,0,TOX29281,CCCC[n+]1cccc(C)c1.F[B-](F)(F)F
0,0,0,0,0,0,0,0,0,0,,0,TOX29282,COC(=O)C(C)=O
0,0,,,,0,0,0,0,0,0,0,TOX1804,CCOC(=O)c1ccc(N)cc1
0,0,1,0,1,0,0,0,0,0,0,0,TOX6691,CC(=O)OCC(COC(C)=O)OC(C)=O
0,0,0,0,1,0,0,0,0,0,0,0,TOX6694,CCCCC(CC)COC(C)=O
0,0,0,0,0,0,0,0,0,0,0,0,TOX6697,CCCCC(CC)COC(=O)CCCCCCCC(=O)OCC(CC)CCCC
0,0,0,,0,0,0,0,0,1,,0,TOX6698,C1CN(SSN2CCOCC2)CCO1
0,0,0,0,0,0,0,0,0,0,0,0,TOX25328,CC(COc1ccccc1)NC(C)C(O)c1ccc(O)cc1
0,0,1,,0,0,0,,0,,0,,TOX5926,CC(=O)C=Cc1ccc2c(c1)OCO2
,,0,0,0,0,0,0,0,0,0,0,TOX5924,O=Cc1ccc2c(c1)OCO2
0,0,0,0,0,0,0,0,0,0,0,0,TOX5925,CC(=O)OCc1ccc2c(c1)OCO2
0,0,0,0,1,0,0,0,0,0,0,0,TOX5922,CC1CCC2CC1C2(C)C
0,0,0,0,0,0,0,,0,,0,0,TOX25322,CCNCC(O)c1cccc(O)c1
0,0,0,0,0,0,0,0,0,0,0,0,TOX6961,Cc1ccc(O)c([N+](=O)[O-])c1
0,0,0,0,0,0,0,0,0,0,0,0,TOX6967,O=C(OCCOCCOC(=O)c1ccccc1)c1ccccc1
0,0,0,0,0,0,0,0,0,0,,0,TOX25321,CC(CNC1CCCCC1)OC(=O)c1ccccc1
0,0,0,0,1,0,,,0,,,0,TOX25775,Cc1cc(C)c(NC(=O)C[C@H](CC(=O)[O-])c2cccc3ccccc23)c(C(=O)N2CCC3(CCCC3)CC2)c1
0,0,,0,0,0,0,0,0,0,0,0,TOX22440,O=C(NC(=O)c1c(F)cccc1F)Nc1cc(Cl)c(F)c(Cl)c1F
0,0,0,0,0,0,0,0,0,0,0,0,TOX6562,CC(=O)CC(=O)Nc1ccccc1C
0,0,,0,0,0,0,0,0,0,0,0,TOX26348,N[C@@H](COP(=O)(O)O)C(=O)O
,,,,,,,0,,0,,,TOX26349,C[C@H](N)[C@H](O)c1ccc(O)c(O)c1
0,0,0,0,0,0,0,0,0,0,0,0,TOX11591,COCC(=O)O
0,0,0,0,0,,0,,0,,0,0,TOX26839,CC(C)c1ncc([N+](=O)[O-])n1C
0,0,0,0,0,0,0,,0,,0,0,TOX26832,CBr.CCN(CC)CCOC(=O)C(O)(c1ccccc1)c1ccccc1
0,0,,0,0,0,0,0,0,0,0,0,TOX26341,CN/C(=N\C#N)NCCSCc1csc(N=C(N)N)n1
0,0,0,0,0,0,0,,0,,0,0,TOX26830,ClCc1ccccc1.O=C1C[C@@H]2OCC=C3CN4CC[C@]56c7ccccc7N1[C@H]5[C@H]2[C@H]3C[C@H]46
0,0,1,,1,1,0,0,0,0,,0,TOX6560,O=C(O)c1cc2ccccc2cc1O
0,0,0,0,0,0,0,,0,,0,0,TOX26836,CNC(C)C(O)c1ccc(O)cc1
0,0,0,0,0,0,0,0,0,0,0,0,TOX26345,NC(=O)CC[C@@H](N)C(=O)O
0,,0,,,0,,,,,1,,TOX26834,CCCCCCCCCCCCCC[n+]1ccc(C)cc1
0,0,0,0,0,0,0,0,0,0,0,0,TOX26347,CC(C)C[C@@H](N)C(=O)O
,0,0,0,0,0,0,,0,0,0,0,TOX12869,O=[N+]([O-])c1ccc(F)cc1F
0,0,1,0,0,0,0,,0,1,0,0,TOX1346,NNC(N)=S
0,0,0,0,0,0,0,,0,0,0,0,TOX24884,C=CC(=O)OCC1CCCO1
0,0,1,,,0,0,0,0,0,,0,TOX24887,O=C(N=NC(=O)OCc1ccccc1)OCc1ccccc1
0,0,0,,0,0,0,0,0,1,0,0,TOX24886,O=C1OC(=O)c2cc(-c3ccc4c(c3)C(=O)OC4=O)ccc21
0,0,0,0,0,0,0,1,0,,0,0,TOX24881,COC(=O)NCCC[Si](OC)(OC)OC
0,0,0,0,0,0,0,0,0,0,0,0,TOX24880,CCCOCCOCCOCCO
0,0,0,0,0,0,0,0,0,0,0,0,TOX24883,CCCCS(=O)(=O)Cl
0,0,0,,0,0,0,0,0,0,0,0,TOX24882,C=C(C)C(=O)OCCOCCOC(=O)C(=C)C
0,0,0,0,0,0,0,0,0,0,1,0,TOX24888,CCCCC(CC)C(=O)[O-].CCCCC(CC)C(=O)[O-].[Ba+2]
0,0,1,0,0,0,0,0,0,0,0,0,TOX1348,NC(N)=S
0,0,0,0,0,0,0,0,0,0,0,0,TOX9110,CCC(C)(O)CCCC(C)C
0,0,1,,1,0,0,1,0,0,1,0,TOX9117,c1ccc(-c2cccc(-c3ccccc3)c2)cc1
0,0,0,,0,0,0,0,0,0,0,0,TOX4193,Cc1cc(Cl)ccc1OCCCC(=O)O
0,0,0,0,0,0,0,0,0,0,0,0,TOX4194,Cc1cc(Cl)ccc1OC(C)C(=O)O
0,0,0,0,0,0,,0,0,0,0,0,TOX4195,Cc1cc(Cl)ccc1OCC(=O)O
0,0,0,0,0,0,0,0,0,0,0,0,TOX4196,O=C=Nc1ccc(Cc2ccc(N=C=O)cc2)cc1
0,0,0,0,0,0,0,0,0,0,0,0,TOX1122,CCC1(c2ccccc2)C(=O)NC(=O)NC1=O
0,0,0,0,0,0,0,0,0,0,0,0,TOX1123,CCC1(c2ccccc2)C(=O)N=C([O-])NC1=O
0,,1,,1,0,0,,0,1,,,TOX1120,S=C=NCCc1ccccc1
0,0,0,0,0,0,0,,0,0,0,0,TOX4441,C=CCOC(=O)c1ccccc1N
0,0,0,0,1,0,0,0,0,0,1,0,TOX1126,c1ccc2c(c1)Nc1ccccc1S2
0,0,0,0,0,0,0,0,0,0,0,0,TOX1124,Oc1ccccc1
0,0,1,0,1,1,,1,0,0,1,0,TOX1125,O=C1OC(c2ccc(O)cc2)(c2ccc(O)cc2)c2ccccc21
0,0,0,0,0,0,0,0,0,0,0,0,TOX5706,COc1ccc(CCC(=O)c2c(O)cc(O[C@@H]3O[C@H](CO)[C@@H](O)[C@H](O)[C@H]3O[C@@H]3O[C@@H](C)[C@H](O)[C@@H](O)[C@H]3O)cc2O)cc1O
0,0,0,0,0,0,0,0,0,0,0,0,TOX1128,CN(C)N=Nc1ccccc1
0,0,,0,0,0,0,1,0,,1,0,TOX1129,S=C=Nc1ccccc1
0,0,0,0,0,0,0,0,0,0,0,0,TOX7188,CC(=O)OC(C)OC(C)=O
0,0,0,,,0,,1,0,0,,,TOX13539,C/C=C1\C(=O)C[C@H]2[C@@H]3CCC4=CC(=O)CC[C@]4(C)[C@H]3CC[C@]12C
0,0,0,,1,0,,1,0,1,0,1,TOX13538,C/C=C1/C(=O)C[C@H]2[C@@H]3CCC4=CC(=O)CC[C@]4(C)[C@H]3CC[C@]12C
0,0,0,0,0,0,0,0,0,0,0,0,TOX7181,CC(C)Cc1ccccc1
0,0,0,0,0,0,0,0,0,0,0,0,TOX7186,CCOC(=O)Cl
0,0,0,0,0,0,0,0,0,0,0,0,TOX7184,C[Si]1(C)O[Si](C)(C)O[Si](C)(C)O[Si](C)(C)O[Si](C)(C)O1
0,0,0,0,0,0,0,0,0,0,0,0,TOX7185,C[Si]1(C)O[Si](C)(C)O[Si](C)(C)O1
0,0,,,,0,0,0,0,0,1,0,TOX3878,c1ccc2cc3ccccc3cc2c1
0,0,1,0,0,0,0,0,0,0,0,0,TOX24267,CCOC(=O)[C@H](CCc1ccccc1)N[C@@H](C)C(=O)N1Cc2cc(OC)c(OC)cc2C[C@H]1C(=O)O
0,0,0,0,0,0,,,0,0,0,0,TOX24266,CNCC[C@@H](Oc1ccccc1C)c1ccccc1
0,0,0,0,0,0,0,1,0,0,0,0,TOX24268,O=C(O)COCCN1CCN(C(c2ccccc2)c2ccc(Cl)cc2)CC1
0,0,0,0,0,0,0,0,0,0,0,0,TOX3870,Nc1ccncc1
0,0,1,,0,0,0,0,0,0,1,0,TOX3871,Cc1ccc(/N=C/N(C)/C=N/c2ccc(C)cc2C)c(C)c1
0,0,0,0,0,0,0,0,0,0,0,0,TOX3875,NS(=O)(=O)[O-]
0,0,0,0,0,0,0,0,0,0,0,0,TOX307,COCCl
0,0,0,0,0,0,0,0,0,0,0,0,TOX2690,O=C(CCCN1CCC(O)(c2ccc(Br)cc2)CC1)c1ccc(F)cc1
0,0,0,,,0,0,,1,,,0,TOX2692,Cc1nnc2n1-c1sc(Br)cc1C(c1ccccc1Cl)=NC2
0,0,0,0,0,0,0,0,0,0,0,0,TOX2699,CCCCNc1cc(C(=O)O)cc(S(N)(=O)=O)c1Oc1ccccc1
0,0,0,0,0,,0,,0,0,0,0,TOX303,C[N+](C)(C)CCCl
0,0,0,0,0,0,0,0,0,0,,0,TOX28168,CC(C)(C)c1ccc(-c2ccc(C(C)(C)C)cc2)cc1
0,0,0,,,0,0,0,0,0,0,0,TOX28169,CCCCCCC(=O)c1ccccc1
0,0,0,,0,0,,0,0,0,0,0,TOX28162,CCC(C)(C)C1CCC(OC)CC1
0,0,0,0,0,0,0,0,0,,0,0,TOX28163,Cc1ccc(S)cc1
0,0,0,,,0,,1,0,,1,,TOX28160,O=C(O)Cc1cc(I)c(Oc2cc(I)c(O)c(I)c2)c(I)c1
0,0,1,,,0,0,,0,,,,TOX28166,CCc1cc(Cc2cc(CC)c(N)c(CC)c2)cc(CC)c1N
0,0,,0,0,0,0,0,0,0,0,0,TOX28167,CCCCc1ccc(Cl)cc1
0,,0,,,,,,0,,1,1,TOX28164,CCCCCCCCCCCCOC(=O)c1cc(O)c(O)c(O)c1
0,0,1,0,0,0,0,,0,0,1,0,TOX28165,COC(=O)[C@]1(C)CCC[C@]2(C)[C@H]3CCC(C(C)C)=CC3=CC[C@@H]12
,,,,,,,0,,0,,,TOX17197,C[C@H](CS)C(=O)N1CCC[C@H]1C(=O)O
0,0,,0,0,0,0,0,0,0,,0,TOX6366,ClC(Cl)(Cl)c1ccc(C(Cl)(Cl)Cl)cc1
0,0,0,0,0,0,0,0,0,0,0,0,TOX6368,O=C(O)c1ccccc1O
0,0,0,,0,0,0,0,0,0,0,0,TOX17511,CCOP(=S)(OCC)SCCl
0,0,0,0,0,0,0,0,0,0,0,0,TOX5310,CCNS(=O)(=O)c1ccc(C)cc1
0,0,0,0,0,0,0,0,0,0,0,0,TOX5312,CCN1CCOCC1
0,0,0,0,0,0,0,0,0,0,,0,TOX5315,CCN(Cc1ccccc1)c1ccccc1
1,1,0,,0,0,0,1,0,0,0,0,TOX2474,C[C@]12C[C@H](O)[C@H]3[C@@H](CCC4=CC(=O)CC[C@@]43C)[C@@H]1CC[C@@H]2C(=O)CO
0,0,0,0,0,0,0,0,0,0,0,0,TOX2479,CCc1ccccc1O
0,0,0,0,0,0,0,0,0,0,,0,TOX5318,C=CC(=O)CC
1,0,0,0,0,0,0,,0,,0,0,TOX3258,CCC1(c2ccccc2)C(=O)NC(=O)N(C)C1=O
0,0,0,0,1,,0,0,0,0,0,0,TOX3254,Cc1ccccc1OCC(O)CO
0,0,0,0,0,0,0,0,0,0,0,0,TOX3255,COc1ccccc1OCC1CNC(=O)O1
,0,0,,,0,0,0,0,0,0,0,TOX3252,C[N+]1(C)CCCC(OC(=O)C(O)(c2ccccc2)c2ccccc2)C1
0,0,0,0,0,0,0,0,0,,,0,TOX12667,CC(C)[C@H](C(=O)O[C@H](C#N)c1cccc(Oc2ccccc2)c1)c1ccc(Cl)cc1
0,0,0,0,0,0,,0,0,0,,0,TOX28838,CC(CC(C#N)(c1ccccc1)c1ccccc1)N(C)C
1,1,0,,1,1,0,,0,0,0,0,TOX16515,CCC(=O)O[C@H]1CC[C@H]2[C@@H]3CCC4=CC(=O)CC[C@]4(C)[C@H]3CC[C@]12C
0,0,0,,,0,,,,,1,,TOX12005,CC1=C(/C=C/C(C)=C/C=C\C(C)=C\C(=O)Nc2ccc(O)cc2)C(C)(C)CCC1
,0,,,0,0,0,,0,0,1,0,TOX17023,Nc1nc(N)c(N)c(N)n1
,,,,,,,0,,0,,,TOX21056,N=C(N)NCCC[C@H](N)C(=O)O
0,0,0,0,1,0,0,0,0,0,0,0,TOX29341,CC[Ge](Cl)(CC)CC
0,0,0,0,0,0,0,0,0,0,0,0,TOX29340,CCN1C=CN(C)C1C
0,0,0,0,1,0,0,0,0,0,0,0,TOX29343,CCCC[N+]1(C)CCCCC1.O=S(=O)([O-])C(F)(F)F
0,0,0,0,0,0,0,0,0,0,0,0,TOX29342,O=Cc1cccc([N+](=O)[O-])c1
0,0,1,0,0,0,0,,0,0,,0,TOX26137,Cc1c(C)n(Cc2ccccc2)c2ccc(C(=O)OCCN(C)C)cc12
0,0,0,0,0,0,0,0,0,0,0,0,TOX26640,C[C@@H](CSC(=O)c1ccccc1)C(=O)N1C[C@@H](Sc2ccccc2)C[C@H]1C(=O)O
0,0,0,0,0,0,0,,0,,0,0,TOX26643,CO/N=C(\C(=O)N[C@@H]1C(=O)N2C(C(=O)[O-])=CCS[C@H]12)c1csc(N)n1
0,0,0,,,0,1,,,1,1,1,TOX26134,CCc1oc2ccccc2c1C(=O)c1cc(I)c(O)c(I)c1
0,0,0,0,0,0,0,0,0,0,0,0,TOX29349,CCC[N+]1(C)CCCC1.O=S(=O)([O-])C(F)(F)F
0,0,0,0,0,0,0,,0,,0,0,TOX26139,CCN(CC)CCOc1ccccc1OC
0,0,0,0,0,0,0,,0,,1,0,TOX26138,CCC1(c2ccccc2)C(=O)NC(=O)N(C(=O)c2ccccc2)C1=O
0,,0,0,0,0,,1,0,1,1,,TOX26648,C=C1/C(=C\C=C2/CCC[C@@]3(C)[C@H]2CC[C@@H]3[C@H](C)/C=C/[C@@H](O)C2CC2)C[C@@H](O)C[C@@H]1O
0,1,0,,0,1,1,1,1,0,0,1,TOX4209,COP(=O)(OC)OC(Br)C(Cl)(Cl)Br
0,,0,1,,,,,,1,1,,TOX20990,N#CC(C#N)=NNc1cccc(Cl)c1
0,0,0,0,0,0,0,0,0,0,0,0,TOX4200,Cc1cccc(O)c1
0,0,0,0,0,0,0,0,0,0,0,0,TOX4204,CSc1nnc(C(C)(C)C)c(=O)n1N
0,0,0,0,0,0,0,0,0,0,0,0,TOX4206,CCSC(=O)N1CCCCCC1
0,0,0,0,0,0,0,0,0,0,0,0,TOX584,CCO
0,0,0,0,0,0,0,0,0,0,0,0,TOX27614,CC(C)=CCC/C(C)=C/COC=O
0,0,0,,0,0,0,,0,0,,0,TOX27341,CN(C)C(=O)NC1(c2ccccc2)CCN(CCC[C@@]2(c3ccc(Cl)c(Cl)c3)CCCN(C(=O)c3ccccc3)C2)CC1
0,1,1,,1,1,,,1,0,,1,TOX27347,CCN(CC)CCNc1ccc(CNC=O)c2sc3ccc(OC)cc3c(=O)c12
0,0,0,0,0,0,0,0,0,,,0,TOX27346,N#C[C@@H]1CC(F)(F)CN1C(=O)CNC1CC2CCC(C1)N2c1ncccn1
0,0,0,0,0,0,,0,0,0,0,0,TOX24598,CC(C)(CO)C(O)C(=O)NCCCO
0,0,0,0,0,0,0,0,0,0,0,0,TOX7407,CCOP(=O)(Cl)Cl
0,,0,,,,1,1,0,,1,,TOX7403,CCCC[Sn](Cl)(CCCC)CCCC
0,0,0,0,0,0,0,0,0,0,0,0,TOX7402,COC(=O)c1cccc(C(=O)OC)c1
0,0,0,0,0,0,0,0,0,0,,0,TOX7400,COC(C)(OC)OC
0,0,0,0,0,0,0,,0,,0,0,TOX26212,CC(C)CCC[C@@H](C)[C@H]1CC(=O)C2=C3CC[C@H]4C[C@@H](O)CC[C@]4(C)[C@H]3CC[C@@]21C
0,0,0,0,0,0,0,0,0,0,0,0,TOX11294,CCOCC(=O)O
0,0,0,0,0,0,0,0,0,0,1,0,TOX11290,CC(=O)C1(C)CC2=C(CCCC2(C)C)CC1C
0,,0,0,0,0,0,,0,0,1,0,TOX26740,O=C1OC(OC(=O)c2cccnc2Nc2cccc(C(F)(F)F)c2)c2ccccc21
0,0,0,0,0,0,0,,0,0,0,0,TOX27517,CCCCCCCCCOC(=O)CCCCC(=O)OCCCCCCC
,,,,,,,0,,0,,,TOX31438,Cc1cc(CCCOc2c(C)cc(-c3noc(C(F)(F)F)n3)cc2C)on1
,,,,,,,0,,0,,,TOX31439,CC(C(=O)c1ccccc1)N(C)C
0,0,0,0,0,0,0,0,0,0,0,0,TOX27510,CCCC(=O)OCc1ccccc1
0,0,0,0,0,0,0,0,0,0,0,0,TOX27511,CCCCCCCCCCCCCCCC(=O)OCC
,,,,,,,0,,0,,,TOX31432,CC1CCCCN1CCCOC(=O)c1ccc(OC2CCCCC2)cc1
,,,,,,,1,,0,,,TOX31433,Cc1oc(-c2ccccc2)nc1CCC(=O)c1ccc(CC2SC(=O)NC2=O)cc1
,,,,,,,0,,0,,,TOX31430,Cc1ccccc1C(=O)Nc1ccc(C(=O)N2CCCC(N(C)C)c3ccccc32)cc1
0,0,0,0,,0,0,1,0,0,,,TOX26743,O=S1(=O)c2cccc3cccc(c23)N1CCCN1CCN(c2ccc(F)cc2)CC1
,,,,,,,0,,0,,,TOX31436,CC(C)(Oc1ccc(Cl)cc1)C(=O)OCCCOC(=O)C(C)(C)Oc1ccc(Cl)cc1
,,,,,,,0,,0,,,TOX31437,CC(C)C(=O)OCc1cccc(OC(=O)[C@@H]2N3C(=O)[C@@H](NC(=O)Cc4ccccc4)[C@H]3SC2(C)C)c1
0,0,0,0,1,,0,0,0,0,,0,TOX27518,c1ccc([C@H]2CN3CCSC3=N2)cc1
1,0,0,,0,0,0,0,0,0,0,0,TOX27519,CCCCCCOC(=O)C(C)C
0,0,0,0,0,0,0,0,0,0,0,0,TOX5557,COC(C)(C)CC(C)=O
0,0,0,0,0,0,0,0,0,0,0,0,TOX8033,CC(C)CCCCCCOC(=O)c1ccc(C(=O)OCCCCCCC(C)C)c(C(=O)OCCCCCCC(C)C)c1
0,0,0,,0,0,0,0,0,0,0,0,TOX5551,COc1ccccc1/C=C/C=O
0,0,0,0,0,0,0,0,0,0,,0,TOX8030,CC1(C)CC(OC(=O)CCCCCCCCC(=O)OC2CC(C)(C)NC(C)(C)C2)CC(C)(C)N1
0,0,1,,1,0,0,,0,0,1,0,TOX5558,COc1ccc(C(=O)Nc2ccccc2)cc1[N+](=O)[O-]
0,0,,0,0,0,0,0,0,0,0,0,TOX21646,CC1=NN(c2cc(S(=O)(=O)[O-])ccc2Cl)C(=O)C1/N=N/c1ccccc1
0,0,0,0,0,0,0,0,0,0,0,0,TOX21641,Cc1ccc(C)c(S(=O)(=O)O)c1
0,0,0,0,0,0,0,0,0,0,0,0,TOX21643,O=Cc1ccccc1S(=O)(=O)[O-]
,,,,,,,0,,0,,,TOX27778,NCCCC(O)(P(=O)([O-])O)P(=O)(O)O
0,0,0,0,0,0,0,,0,,0,0,TOX27779,COc1ccc2c3c1O[C@H]1C(=O)CC[C@H]4[C@@H](C2)N(C)CC[C@]314.COc1ccc2c3c1O[C@H]1C(=O)CC[C@H]4[C@@H](C2)N(C)CC[C@]314
0,0,0,0,0,0,0,0,0,0,,0,TOX27770,CN(C)CCOc1ccccc1Cc1ccccc1.O=C(O)CC(O)(CC(=O)O)C(=O)O
1,0,,,0,,0,,0,,0,1,TOX27776,Cc1c(N)nc([C@H](CC(N)=O)NC[C@H](N)C(N)=O)nc1C(=O)N[C@H](C(=O)N[C@H](C)[C@@H](O)[C@H](C)C(=O)N[C@H](C(=O)NCCc1nc(-c2nc(C(=O)NCCCCNC(=N)N)cs2)cs1)[C@@H](C)O)[C@@H](O[C@@H]1O[C@@H](CO)[C@@H](O)[C@H](O)[C@@H]1O[C@H]1O[C@H](CO)[C@@H](O)[C@H](OC(N)=O)[C@@H]1O)c1cnc[nH]1
0,1,,1,,1,,1,1,0,1,1,TOX27775,CC(=O)[C@]1(O)Cc2c(O)c3c(c(O)c2[C@@H](O[C@H]2C[C@H](N)[C@H](O)[C@H](C)O2)C1)C(=O)c1ccccc1C3=O
0,0,0,0,0,0,0,,0,0,,0,TOX14150,O=C(CCCN1CCC(O)(c2ccc(Cl)cc2)CC1)c1ccc(F)cc1
0,0,,0,0,0,0,0,0,0,0,0,TOX6115,c1ccc2c(c1)CCNC2
0,0,0,0,0,0,0,0,0,0,0,0,TOX6118,c1ccc2c(c1)CCCC2
0,0,0,,0,0,0,0,0,0,,0,TOX6119,Cc1cc(C)c(C)c(C)c1
0,0,1,0,0,0,0,0,0,0,0,0,TOX9329,COC(C)COC(C)COC(C)CO
0,0,0,0,0,0,0,0,0,0,0,0,TOX5122,COC(=O)CCCC(=O)OC
0,0,1,0,0,0,0,0,0,0,1,0,TOX9320,CCCCC(CC)COC(=O)c1ccc(N(C)C)cc1
0,0,0,0,0,0,0,0,0,0,0,0,TOX9325,CCCCCC1C(=O)CCC1CC(=O)OC
0,0,,0,0,0,0,1,0,0,0,0,TOX9327,C=CCOc1c(Br)cc(C(C)(C)c2cc(Br)c(OCC=C)c(Br)c2)cc1Br
0,0,0,0,0,0,0,,0,0,,0,TOX21918,OCCOCC#CCOCCO
0,0,0,0,0,0,0,0,0,0,,0,TOX21914,NCCOCCN
0,0,0,0,0,0,0,0,0,0,0,0,TOX21916,CCCCOC(=O)C(=O)OCCCC
0,0,0,0,,0,0,0,0,0,0,0,TOX21917,OCCN(CCO)CCN(CCO)CCO
0,0,1,1,0,0,0,0,0,0,,0,TOX21913,CCC1COC(Cn2cncn2)(c2ccc(Cl)cc2Cl)O1
0,0,0,0,0,0,0,0,0,0,0,0,TOX1597,CCCCCCC=O
0,0,0,0,0,0,0,0,0,0,,0,TOX25619,CCN1CCN(c2cc3c(cc2F)c(=O)c(C(=O)O)cn3C2CC2)CC1
0,0,0,0,0,0,0,0,0,0,0,0,TOX25618,CCCCN1C[C@H](O)[C@@H](O)[C@H](O)[C@H]1CO
0,0,0,,0,0,,0,0,0,0,,TOX25616,Fc1ccc(C(c2ccc(F)cc2)N2CCN(C/C=C/c3ccccc3)CC2)cc1
0,0,0,1,,0,0,,0,0,,0,TOX25615,O=S(=O)(c1cccc2cnccc12)N1CCCNCC1
0,0,0,0,,0,,,,0,,0,TOX25614,CN1C[C@H](C(=O)N[C@]2(C)O[C@@]3(O)[C@@H]4CCCN4C(=O)[C@H](Cc4ccccc4)N3C2=O)C[C@@H]2c3cccc4[nH]cc(c34)C[C@H]21
0,0,0,0,0,0,0,0,0,0,0,0,TOX24384,CC(C)[C@@H]1CC[C@@H](C)CC1=O
0,0,1,0,0,0,0,0,0,0,0,0,TOX25611,COc1ccc2c(c1OC)C(=O)O[C@H]2[C@@H]1c2cc3c(cc2CCN1C)OCO3
0,0,,,0,0,1,0,0,0,0,0,TOX14528,CCOc1nc(F)cc2nc(S(=O)(=O)Nc3c(Cl)cccc3Cl)nn12
0,0,0,,0,0,,1,0,0,,0,TOX20208,CO[C@H]1C=CO[C@@]2(C)Oc3c(C)c(O)c4c(O)c(cc([O-])c4c3C2=O)NC(=O)C(C)=CC=C[C@H](C)[C@H](O)[C@@H](C)[C@@H](O)[C@@H](C)[C@H](OC(C)=O)[C@@H]1C
0,0,0,0,0,0,0,0,0,0,0,0,TOX24382,Cc1ncsc1CCO
0,0,0,0,0,0,0,0,0,1,0,0,TOX24383,c1ccc(Sc2ccccc2)cc1
0,0,0,0,0,0,0,0,0,0,0,0,TOX1590,CCCCCCCCCCCC(=O)O
0,0,0,0,0,0,0,,0,0,,0,TOX901,O=C(O)CCl
0,0,0,0,0,0,0,0,0,0,0,0,TOX902,C[C@H]1C(=O)O[C@@H]2CCN3CC=C(COC(=O)[C@](C)(O)[C@]1(C)O)[C@H]23
0,0,0,0,0,0,0,0,0,0,0,0,TOX28394,CN(C)CCN1C(=O)c2ccccc2N(C)c2ccccc21
0,0,0,0,0,0,0,0,0,0,0,0,TOX6653,O=C(Cl)c1ccc(C(=O)Cl)cc1
0,0,0,0,0,0,0,0,0,0,0,0,TOX28989,COc1c(N2C[C@@H]3CCCN[C@@H]3C2)c(F)cc2c(=O)c(C(=O)O)cn(C3CC3)c12
,,,,,,,,,1,,,TOX25922,CCOC(=O)[C@H](CCc1ccccc1)N[C@H]1CCc2ccccc2N(CC(=O)O)C1=O
0,0,,0,,0,0,,0,,0,0,TOX25924,CCCc1nc(C(C)(C)O)c(C(=O)OCc2oc(=O)oc2C)n1Cc1ccc(-c2ccccc2-c2nn[nH]n2)cc1
0,0,0,0,0,0,0,0,0,0,0,0,TOX25927,CC(C)CC(N(C)C)C1(c2ccc(Cl)cc2)CCC1
0,0,0,0,0,0,0,,0,,0,0,TOX25929,C[C@@H]1O[C@@H](OC[C@H]2O[C@@H](Oc3c(-c4ccc(OCCO)c(OCCO)c4)oc4cc(OCCO)cc(O)c4c3=O)[C@H](O)[C@@H](O)[C@@H]2O)[C@H](O)[C@H](O)[C@H]1O
0,0,0,0,0,0,0,0,0,0,,0,TOX24388,CC1(C)CC(N)CC(C)(C)N1
0,0,0,0,,0,0,,0,,0,0,TOX28608,CC(O)[C@@H]1NC(=O)[C@H](CCCCN)NC(=O)[C@@H](Cc2c[nH]c3ccccc23)NC(=O)[C@H](Cc2ccccc2)NC(=O)[C@@H](NC(=O)[C@H](N)Cc2ccccc2)CSSC[C@@H](C(=O)N[C@H](CO)[C@@H](C)O)NC1=O
0,0,0,0,0,0,0,0,0,0,,0,TOX24698,CCC(C)SSC(C)CC
0,0,1,0,,0,0,0,0,0,,0,TOX24690,Cc1cccc(OCCOc2cccc(C)c2)c1
0,0,1,,1,0,0,1,1,1,,0,TOX24691,CC(C)c1ccc2sc3ccccc3c(=O)c2c1
0,0,0,0,0,0,0,0,0,0,0,0,TOX24696,O=C(CCN1CC1)OCC(CO)(COC(=O)CCN1CC1)COC(=O)CCN1CC1
0,0,0,0,0,0,0,0,0,0,0,0,TOX24697,C#CC(O)C(CC)CCCC
0,0,0,0,1,0,0,0,0,0,0,0,TOX1665,CCCCCCCCCCCCCC=O
0,,0,,,1,1,1,1,1,,,TOX1667,O=CC(Br)(Br)Br
0,0,0,0,0,0,0,0,0,0,0,0,TOX1666,CCCCCCCCCCCCCC(=O)O
0,0,0,0,0,0,0,0,0,0,0,0,TOX1660,ClC1=C(Cl)C1(Cl)Cl
0,0,0,0,0,0,0,1,0,0,0,0,TOX1668,O=C(O)C(Br)(Br)Br
0,0,,,1,1,,,0,1,1,0,TOX2315,C[C@H]1CCC[C@H](O)CCCCCc2cc(O)cc(O)c2C(=O)O1
0,,1,,1,1,0,,1,0,,0,TOX2310,O=c1c(-c2ccc(O)cc2)coc2cc(O)ccc12
,0,1,,1,1,0,1,1,0,1,0,TOX2311,COc1ccc(-c2coc3cc(O)ccc3c2=O)cc1
0,0,0,,1,0,0,,0,,1,0,TOX2312,CCCCCCCCc1ccc(O)cc1
0,0,0,0,0,0,0,0,0,0,0,0,TOX1937,CCCCCCCO
0,0,0,0,0,0,0,0,0,0,0,0,TOX1936,N#CCCCCC#N
